delete from User;
delete from BookIsbn;
delete from BookEntity;
delete from Lends;

INSERT INTO User (username, password, nickname, phone, sex, address, role,avatar) VALUES
('2022141460001', '1234567890', '张三', '13911140607', '男', '西园七舍1单元', 0),
('2022141460301', 'LS78901', '李四', '15819132999', '女', '西园五舍3单元', 0),
('admin', '$2a$10$mawmUJ/O6g9TZhOF08iwjeP0VQd2cjKPAB4.ZP2EueU3JSAksX2bm', '管理员', '13205239080', '男', '光明苑', 1,"https://gitee.com/meloooooooo/PicgoRepo/raw/master/uploadimg/2024-12/1733293127957_899e0a0f-6fe7-4ce7-87bd-90cc60ebe42c.jpg");

INSERT INTO BookIsbn (isbn, title, price, author, publisher, borrownum) VALUES
('9787020042494', '红楼梦', 88.00, '曹雪芹', '人民文学出版社', 0),
('9787536692930', '三体', 45.50, '刘慈欣', '重庆出版社', 0),
('9787505715660', '活着', 39.00, '余华', '作家出版社', 0),
('9787108025262', '白夜行', 56.80, '东野圭吾', '南海出版社', 0),
('9787506365437', '解忧杂货店', 49.50, '东野圭吾', '南海出版社', 0),
('9787020024759', '呐喊', 34.00, '鲁迅', '人民文学出版社', 0),
('9787506366847', '追风筝的人', 36.00, '卡勒德·胡赛尼', '南海出版社', 0),
('9787532745791', '百年孤独', 68.00, '加西亚·马尔克斯', '上海译文出版社', 0),
('9787559415784', '流浪地球', 48.00, '刘慈欣', '江苏凤凰文艺出版社', 0),
('9787544728214', '嫌疑人X的献身', 42.50, '东野圭吾', '南海出版社', 0),
('9787020016280', '平凡的世界', 98.00, '路遥', '人民文学出版社', 0),
('9787544711025', '蛙', 38.00, '莫言', '上海文艺出版社', 0),
('9787020026272', '围城', 47.00, '钱钟书', '人民文学出版社', 0),
('9787532745793', '海边的卡夫卡', 58.00, '村上春树', '上海译文出版社', 0),
('9787108009828', '西游记', 120.00, '吴承恩', '中华书局', 0),
('9787108009835', '水浒传', 108.00, '施耐庵', '中华书局', 0),
('9787108009859', '三国演义', 115.00, '罗贯中', '中华书局', 0),
('9787208154523', '人类简史', 78.00, '尤瓦尔·赫拉利', '中信出版社', 0),
('9787208148553', '未来简史', 82.00, '尤瓦尔·赫拉利', '中信出版社', 0),
('9787108032359', '文化苦旅', 46.00, '余秋雨', '中华书局', 0),
('9787532135374', '偷影子的人', 34.50, '马克·李维', '湖南文艺出版社', 0),
('9787513326966', '当我谈跑步时我谈些什么', 42.00, '村上春树', '南海出版社', 0),
('9787508652630', '慢慢来，一切都来得及', 29.90, '特立独行的猫', '北京联合出版公司', 0),
('9787540481453', '目送', 36.80, '龙应台', '生活·读书·新知三联书店', 0),
('9787559619366', '我们仨', 25.00, '杨绛', '生活·读书·新知三联书店', 0),
('9787208100124', '草房子', 35.00, '曹文轩', '北京少年儿童出版社', 0),
('9787020047475', '朝花夕拾', 28.00, '鲁迅', '人民文学出版社', 0),
('9787508682866', '皮囊', 38.00, '蔡崇达', '北京联合出版公司', 0),
('9787561336638', '平凡的世界', 98.00, '路遥', '陕西人民出版社', 0),
('9787208114176', '狼图腾', 68.00, '姜戎', '长江文艺出版社', 0),
('9787513317803', '岛上书店', 39.80, '加布瑞埃拉·泽文', '北京联合出版公司', 0),
('9787020027729', '子夜', 54.00, '茅盾', '人民文学出版社', 0),
('9787533930824', '长恨歌', 59.00, '王安忆', '人民文学出版社', 0),
('9787506365439', '亲爱的安德烈', 35.00, '龙应台', '南海出版社', 0),
('9787305112867', '地球往事三部曲', 180.00, '刘慈欣', '清华大学出版社', 0),
('9787020128648', '东周列国志', 99.00, '冯梦龙', '人民文学出版社', 0),
('9787805672252', '静静的顿河', 68.00, '肖洛霍夫', '人民文学出版社', 0),
('9787020028887', '红与黑', 49.00, '司汤达', '人民文学出版社', 0),
('9787020053810', '巴黎圣母院', 50.00, '雨果', '人民文学出版社', 0),
('9787020115068', '悲惨世界', 108.00, '雨果', '人民文学出版社', 0),
('9787020115884', '茶花女', 38.00, '小仲马', '人民文学出版社', 0),
('9787020120864', '基督山伯爵', 118.00, '大仲马', '人民文学出版社', 0),
('9787020117635', '战争与和平', 120.00, '列夫·托尔斯泰', '人民文学出版社', 0),
('9787020120642', '安娜·卡列尼娜', 98.00, '列夫·托尔斯泰', '人民文学出版社', 0),
('9787020123865', '复活', 80.00, '列夫·托尔斯泰', '人民文学出版社', 0),
('9787020128389', '契诃夫短篇小说集', 55.00, '契诃夫', '人民文学出版社', 0),
('9787020132911', '钢铁是怎样炼成的', 45.00, '尼古拉·奥斯特洛夫斯基', '人民文学出版社', 0),
('9787532776187', '城南旧事', 34.00, '林海音', '湖南文艺出版社', 0);

INSERT INTO BookEntity (isbn, status, place) VALUES
('9787020042494', '1', '1区1号1层'),
('9787536692930', '1', '1区2号3层'),
('9787505715660', '1', '2区5号2层'),
('9787108025262', '1', '3区1号4层'),
('9787506365437', '1', '2区3号1层'),
('9787020024759', '1', '4区6号3层'),
('9787506366847', '1', '5区2号4层'),
('9787532745791', '1', '6区1号5层'),
('9787559415784', '1', '1区3号2层'),
('9787544728214', '1', '2区4号3层'),
('9787020016280', '1', '3区5号2层'),
('9787544711025', '1', '4区1号4层'),
('9787020026272', '1', '5区3号1层'),
('9787532745793', '1', '6区5号2层'),
('9787108009828', '1', '1区6号4层'),
('9787108009835', '1', '2区1号3层'),
('9787108009859', '1', '3区2号5层'),
('9787208154523', '1', '4区4号2层'),
('9787208148553', '1', '5区6号3层'),
('9787108032359', '1', '6区3号4层'),
('9787532135374', '1', '1区4号1层'),
('9787513326966', '1', '2区6号2层'),
('9787508652630', '1', '3区3号5层'),
('9787540481453', '1', '4区2号3层'),
('9787559619366', '1', '5区1号2层'),
('9787208100124', '1', '6区4号4层'),
('9787020047475', '1', '1区5号1层'),
('9787508682866', '1', '2区2号4层'),
('9787561336638', '1', '3区6号5层'),
('9787208114176', '1', '4区5号2层'),
('9787513317803', '1', '5区4号1层'),
('9787020027729', '1', '6区2号3层'),
('9787533930824', '1', '1区6号5层'),
('9787506365439', '1', '2区5号4层'),
('9787305112867', '1', '3区4号2层'),
('9787020128648', '1', '4区3号3层'),
('9787805672252', '1', '5区2号1层'),
('9787020028887', '1', '6区6号2层'),
('9787020053810', '1', '1区1号3层'),
('9787020115068', '1', '2区4号5层'),
('9787020115884', '1', '3区3号1层'),
('9787020120864', '1', '4区6号2层'),
('9787020117635', '1', '5区5号4层'),
('9787020120642', '1', '6区1号3层'),
('9787020123865', '1', '1区2号4层'),
('9787020128389', '1', '2区3号5层'),
('9787020132911', '1', '3区1号2层'),
('9787532776187', '1', '4区5号1层');