/*
 Navicat Premium Data Transfer

 Source Server         : localhost
 Source Server Type    : MySQL
 Source Server Version : 80040
 Source Host           : localhost:3306
 Source Schema         : libsys_database

 Target Server Type    : MySQL
 Target Server Version : 80040
 File Encoding         : 65001

 Date: 07/12/2024 15:26:41
*/

SET NAMES utf8mb4;
SET FOREIGN_KEY_CHECKS = 0;

-- ----------------------------
-- Table structure for bookentity
-- ----------------------------
DROP TABLE IF EXISTS `bookentity`;
CREATE TABLE `bookentity`  (
  `id` bigint NOT NULL AUTO_INCREMENT,
  `isbn` varchar(13) CHARACTER SET utf8mb4 COLLATE utf8mb4_0900_ai_ci NULL DEFAULT NULL,
  `status` varchar(1) CHARACTER SET utf8mb4 COLLATE utf8mb4_0900_ai_ci NULL DEFAULT '1',
  `place` varchar(255) CHARACTER SET utf8mb4 COLLATE utf8mb4_0900_ai_ci NULL DEFAULT NULL,
  PRIMARY KEY (`id`) USING BTREE,
  INDEX `isbn`(`isbn` ASC) USING BTREE,
  CONSTRAINT `bookentity_ibfk_1` FOREIGN KEY (`isbn`) REFERENCES `bookisbn` (`isbn`) ON DELETE RESTRICT ON UPDATE RESTRICT
) ENGINE = InnoDB AUTO_INCREMENT = 139 CHARACTER SET = utf8mb4 COLLATE = utf8mb4_0900_ai_ci ROW_FORMAT = Dynamic;

-- ----------------------------
-- Records of bookentity
-- ----------------------------
INSERT INTO `bookentity` VALUES (1, '9787020042494', '1', '3区4号3层');
INSERT INTO `bookentity` VALUES (2, '9787020042494', '1', '3区4号3层');
INSERT INTO `bookentity` VALUES (3, '9787020042494', '1', '3区4号3层');
INSERT INTO `bookentity` VALUES (4, '9787536692930', '1', '2区5号4层');
INSERT INTO `bookentity` VALUES (5, '9787536692930', '1', '2区5号4层');
INSERT INTO `bookentity` VALUES (6, '9787536692930', '1', '2区5号4层');
INSERT INTO `bookentity` VALUES (7, '9787536692930', '1', '2区5号4层');
INSERT INTO `bookentity` VALUES (8, '9787536692930', '1', '2区5号4层');
INSERT INTO `bookentity` VALUES (9, '9787505715660', '1', '5区2号3层');
INSERT INTO `bookentity` VALUES (10, '9787505715660', '1', '5区2号3层');
INSERT INTO `bookentity` VALUES (11, '9787505715660', '1', '5区2号3层');
INSERT INTO `bookentity` VALUES (12, '9787505715660', '1', '5区2号3层');
INSERT INTO `bookentity` VALUES (13, '9787108025262', '1', '1区3号4层');
INSERT INTO `bookentity` VALUES (14, '9787108025262', '1', '1区3号4层');
INSERT INTO `bookentity` VALUES (15, '9787506365437', '1', '4区1号5层');
INSERT INTO `bookentity` VALUES (16, '9787506365437', '1', '4区1号5层');
INSERT INTO `bookentity` VALUES (17, '9787506365437', '1', '4区1号5层');
INSERT INTO `bookentity` VALUES (18, '9787020024759', '1', '5区3号2层');
INSERT INTO `bookentity` VALUES (19, '9787506366847', '1', '3区2号5层');
INSERT INTO `bookentity` VALUES (20, '9787506366847', '1', '3区2号5层');
INSERT INTO `bookentity` VALUES (21, '9787506366847', '1', '3区2号5层');
INSERT INTO `bookentity` VALUES (22, '9787506366847', '1', '3区2号5层');
INSERT INTO `bookentity` VALUES (23, '9787532745791', '1', '1区4号3层');
INSERT INTO `bookentity` VALUES (24, '9787532745791', '1', '1区4号3层');
INSERT INTO `bookentity` VALUES (25, '9787532745791', '1', '1区4号3层');
INSERT INTO `bookentity` VALUES (26, '9787532745791', '1', '1区4号3层');
INSERT INTO `bookentity` VALUES (27, '9787532745791', '1', '1区4号3层');
INSERT INTO `bookentity` VALUES (28, '9787559415784', '1', '5区3号1层');
INSERT INTO `bookentity` VALUES (29, '9787559415784', '1', '5区3号1层');
INSERT INTO `bookentity` VALUES (30, '9787559415784', '1', '5区3号1层');
INSERT INTO `bookentity` VALUES (31, '9787544728214', '1', '2区2号4层');
INSERT INTO `bookentity` VALUES (32, '9787020016280', '0', '4区3号2层');
INSERT INTO `bookentity` VALUES (33, '9787020016280', '1', '4区3号2层');
INSERT INTO `bookentity` VALUES (34, '9787020016280', '1', '4区3号2层');
INSERT INTO `bookentity` VALUES (35, '9787020016280', '0', '4区3号2层');
INSERT INTO `bookentity` VALUES (36, '9787020016280', '1', '4区3号2层');
INSERT INTO `bookentity` VALUES (37, '9787544711025', '1', '3区5号1层');
INSERT INTO `bookentity` VALUES (38, '9787544711025', '1', '3区5号1层');
INSERT INTO `bookentity` VALUES (39, '9787544711025', '1', '3区5号1层');
INSERT INTO `bookentity` VALUES (40, '9787544711025', '1', '3区5号1层');
INSERT INTO `bookentity` VALUES (41, '9787020026272', '1', '2区4号5层');
INSERT INTO `bookentity` VALUES (42, '9787020026272', '1', '2区4号5层');
INSERT INTO `bookentity` VALUES (43, '9787020026272', '0', '2区4号5层');
INSERT INTO `bookentity` VALUES (44, '9787532745793', '1', '5区1号3层');
INSERT INTO `bookentity` VALUES (45, '9787532745793', '1', '5区1号3层');
INSERT INTO `bookentity` VALUES (46, '9787532745793', '1', '5区1号3层');
INSERT INTO `bookentity` VALUES (47, '9787532745793', '1', '5区1号3层');
INSERT INTO `bookentity` VALUES (48, '9787108009828', '1', '3区5号2层');
INSERT INTO `bookentity` VALUES (49, '9787108009828', '1', '3区5号2层');
INSERT INTO `bookentity` VALUES (50, '9787108009828', '1', '3区5号2层');
INSERT INTO `bookentity` VALUES (51, '9787108009828', '1', '3区5号2层');
INSERT INTO `bookentity` VALUES (52, '9787108009828', '1', '3区5号2层');
INSERT INTO `bookentity` VALUES (53, '9787108009835', '1', '4区2号4层');
INSERT INTO `bookentity` VALUES (54, '9787108009835', '1', '4区2号4层');
INSERT INTO `bookentity` VALUES (55, '9787108009859', '1', '2区1号5层');
INSERT INTO `bookentity` VALUES (56, '9787108009859', '1', '2区1号5层');
INSERT INTO `bookentity` VALUES (57, '9787108009859', '1', '2区1号5层');
INSERT INTO `bookentity` VALUES (58, '9787108009859', '1', '2区1号5层');
INSERT INTO `bookentity` VALUES (59, '9787108009859', '1', '2区1号5层');
INSERT INTO `bookentity` VALUES (60, '9787208154523', '1', '3区4号2层');
INSERT INTO `bookentity` VALUES (61, '9787208154523', '1', '3区4号2层');
INSERT INTO `bookentity` VALUES (62, '9787208154523', '1', '3区4号2层');
INSERT INTO `bookentity` VALUES (63, '9787208154523', '1', '3区4号2层');
INSERT INTO `bookentity` VALUES (64, '9787208148553', '1', '4区5号3层');
INSERT INTO `bookentity` VALUES (65, '9787108032359', '1', '1区1号4层');
INSERT INTO `bookentity` VALUES (66, '9787108032359', '1', '1区1号4层');
INSERT INTO `bookentity` VALUES (67, '9787108032359', '1', '1区1号4层');
INSERT INTO `bookentity` VALUES (68, '9787532135374', '1', '2区3号2层');
INSERT INTO `bookentity` VALUES (69, '9787532135374', '1', '2区3号2层');
INSERT INTO `bookentity` VALUES (70, '9787532135374', '1', '2区3号2层');
INSERT INTO `bookentity` VALUES (71, '9787532135374', '1', '2区3号2层');
INSERT INTO `bookentity` VALUES (72, '9787513326966', '1', '5区4号1层');
INSERT INTO `bookentity` VALUES (73, '9787513326966', '1', '5区4号1层');
INSERT INTO `bookentity` VALUES (74, '9787508652630', '1', '3区2号3层');
INSERT INTO `bookentity` VALUES (75, '9787508652630', '1', '3区2号3层');
INSERT INTO `bookentity` VALUES (76, '9787508652630', '1', '3区2号3层');
INSERT INTO `bookentity` VALUES (77, '9787508652630', '1', '3区2号3层');
INSERT INTO `bookentity` VALUES (78, '9787508652630', '1', '3区2号3层');
INSERT INTO `bookentity` VALUES (79, '9787540481453', '1', '1区4号5层');
INSERT INTO `bookentity` VALUES (80, '9787540481453', '1', '1区4号5层');
INSERT INTO `bookentity` VALUES (81, '9787540481453', '1', '1区4号5层');
INSERT INTO `bookentity` VALUES (82, '9787540481453', '1', '1区4号5层');
INSERT INTO `bookentity` VALUES (83, '9787559619366', '1', '2区5号2层');
INSERT INTO `bookentity` VALUES (84, '9787559619366', '1', '2区5号2层');
INSERT INTO `bookentity` VALUES (85, '9787559619366', '1', '2区5号2层');
INSERT INTO `bookentity` VALUES (86, '9787559619366', '1', '2区5号2层');
INSERT INTO `bookentity` VALUES (87, '9787559619366', '1', '2区5号2层');
INSERT INTO `bookentity` VALUES (88, '9787208100124', '1', '3区3号1层');
INSERT INTO `bookentity` VALUES (89, '9787208100124', '1', '3区3号1层');
INSERT INTO `bookentity` VALUES (90, '9787208100124', '1', '3区3号1层');
INSERT INTO `bookentity` VALUES (91, '9787208100124', '1', '3区3号1层');
INSERT INTO `bookentity` VALUES (92, '9787020047475', '1', '5区4号4层');
INSERT INTO `bookentity` VALUES (93, '9787020047475', '1', '5区4号4层');
INSERT INTO `bookentity` VALUES (94, '9787508682866', '1', '1区2号3层');
INSERT INTO `bookentity` VALUES (95, '9787508682866', '1', '1区2号3层');
INSERT INTO `bookentity` VALUES (96, '9787508682866', '1', '1区2号3层');
INSERT INTO `bookentity` VALUES (97, '9787561336638', '1', '3区1号5层');
INSERT INTO `bookentity` VALUES (98, '9787561336638', '1', '3区1号5层');
INSERT INTO `bookentity` VALUES (99, '9787561336638', '1', '3区1号5层');
INSERT INTO `bookentity` VALUES (100, '9787561336638', '1', '3区1号5层');
INSERT INTO `bookentity` VALUES (101, '9787208114176', '1', '5区2号1层');
INSERT INTO `bookentity` VALUES (102, '9787208114176', '1', '5区2号1层');
INSERT INTO `bookentity` VALUES (103, '9787208114176', '1', '5区2号1层');
INSERT INTO `bookentity` VALUES (104, '9787208114176', '1', '5区2号1层');
INSERT INTO `bookentity` VALUES (105, '9787208114176', '1', '5区2号1层');
INSERT INTO `bookentity` VALUES (106, '9787513317803', '1', '4区3号2层');
INSERT INTO `bookentity` VALUES (107, '9787513317803', '1', '4区3号2层');
INSERT INTO `bookentity` VALUES (108, '9787020027729', '1', '1区5号3层');
INSERT INTO `bookentity` VALUES (109, '9787020027729', '1', '1区5号3层');
INSERT INTO `bookentity` VALUES (110, '9787020027729', '1', '1区5号3层');
INSERT INTO `bookentity` VALUES (111, '9787020027729', '1', '1区5号3层');
INSERT INTO `bookentity` VALUES (112, '9787020027729', '1', '1区5号3层');
INSERT INTO `bookentity` VALUES (113, '9787533930824', '1', '3区4号1层');
INSERT INTO `bookentity` VALUES (114, '9787506365439', '1', '2区1号2层');
INSERT INTO `bookentity` VALUES (115, '9787506365439', '1', '2区1号2层');
INSERT INTO `bookentity` VALUES (116, '9787506365439', '1', '2区1号2层');
INSERT INTO `bookentity` VALUES (117, '9787506365439', '1', '2区1号2层');
INSERT INTO `bookentity` VALUES (118, '9787305112867', '1', '5区3号4层');
INSERT INTO `bookentity` VALUES (119, '9787305112867', '1', '5区3号4层');
INSERT INTO `bookentity` VALUES (120, '9787020128648', '1', '4区2号5层');
INSERT INTO `bookentity` VALUES (121, '9787020128648', '1', '4区2号5层');
INSERT INTO `bookentity` VALUES (122, '9787020128648', '1', '4区2号5层');
INSERT INTO `bookentity` VALUES (123, '9787805672252', '1', '2区3号1层');
INSERT INTO `bookentity` VALUES (124, '9787020028887', '1', '3区5号4层');
INSERT INTO `bookentity` VALUES (125, '9787020028887', '1', '3区5号4层');
INSERT INTO `bookentity` VALUES (126, '9787020028887', '1', '3区5号4层');
INSERT INTO `bookentity` VALUES (127, '9787020028887', '1', '3区5号4层');
INSERT INTO `bookentity` VALUES (128, '9787020028887', '1', '3区5号4层');
INSERT INTO `bookentity` VALUES (129, '9787020053810', '1', ' 1区2号4层');
INSERT INTO `bookentity` VALUES (130, '9787020053810', '1', ' 1区2号4层');
INSERT INTO `bookentity` VALUES (131, '9787020053810', '1', ' 1区2号4层');
INSERT INTO `bookentity` VALUES (132, '9787020053810', '0', ' 1区2号4层');
INSERT INTO `bookentity` VALUES (133, '9787020115068', '1', ' 4区5号5层');
INSERT INTO `bookentity` VALUES (134, '9787020115068', '1', ' 4区5号5层');
INSERT INTO `bookentity` VALUES (135, '9787020115884', '1', ' 2区3号5层');
INSERT INTO `bookentity` VALUES (136, '9787020115884', '0', ' 2区3号5层');
INSERT INTO `bookentity` VALUES (137, '9787020115884', '1', ' 2区3号5层');
INSERT INTO `bookentity` VALUES (138, '9787020115884', '1', ' 2区3号5层');
INSERT INTO `bookentity` VALUES (139, '9787020115884', '1', ' 2区3号5层');
INSERT INTO `bookentity` VALUES (142, '', '1', '6区7层8号');
INSERT INTO `bookentity` VALUES (143, '7541052163', '1', '9区2层2号');
INSERT INTO `bookentity` VALUES (144, '7801232623', '1', '1区9层4号');
INSERT INTO `bookentity` VALUES (145, '7801235878', '1', '1区1层4号');
INSERT INTO `bookentity` VALUES (146, '7801236432', '1', '7区3层4号');
INSERT INTO `bookentity` VALUES (147, '9781620960974', '1', '2区5层3号');
INSERT INTO `bookentity` VALUES (148, '9781620962466', '1', '6区4层9号');
INSERT INTO `bookentity` VALUES (149, '9787020020126', '1', '8区3层9号');
INSERT INTO `bookentity` VALUES (150, '9787020061211', '1', '7区8层1号');
INSERT INTO `bookentity` VALUES (151, '9787020067107', '1', '7区4层1号');
INSERT INTO `bookentity` VALUES (152, '9787020117468', '1', '9区6层1号');
INSERT INTO `bookentity` VALUES (153, '9787101206414', '1', '5区4层4号');
INSERT INTO `bookentity` VALUES (154, '9787111820996', '1', '9区3层6号');
INSERT INTO `bookentity` VALUES (155, '9787112308771', '1', '4区8层4号');
INSERT INTO `bookentity` VALUES (156, '9787113129958', '1', '1区2层7号');
INSERT INTO `bookentity` VALUES (157, '9787115177070', '1', '4区4层8号');
INSERT INTO `bookentity` VALUES (158, '9787115222565', '1', '8区1层6号');
INSERT INTO `bookentity` VALUES (159, '9787115233967', '1', '8区5层9号');
INSERT INTO `bookentity` VALUES (160, '9787115257963', '1', '2区9层2号');
INSERT INTO `bookentity` VALUES (161, '9787115287854', '1', '2区5层8号');
INSERT INTO `bookentity` VALUES (162, '9787115291196', '1', '4区8层9号');
INSERT INTO `bookentity` VALUES (163, '9787115295637', '1', '3区4层1号');
INSERT INTO `bookentity` VALUES (164, '9787115297235', '1', '4区5层2号');
INSERT INTO `bookentity` VALUES (165, '9787115297747', '1', '6区7层4号');
INSERT INTO `bookentity` VALUES (166, '9787115299932', '1', '1区2层4号');
INSERT INTO `bookentity` VALUES (167, '9787115300771', '1', '7区6层5号');
INSERT INTO `bookentity` VALUES (168, '9787115304771', '1', '9区3层3号');
INSERT INTO `bookentity` VALUES (169, '9787115306771', '1', '6区1层6号');
INSERT INTO `bookentity` VALUES (170, '9787115308271', '1', '7区6层3号');
INSERT INTO `bookentity` VALUES (171, '9787115308771', '1', '4区9层5号');
INSERT INTO `bookentity` VALUES (172, '9787115328771', '1', '7区3层2号');
INSERT INTO `bookentity` VALUES (173, '9787115338365', '1', '9区2层8号');
INSERT INTO `bookentity` VALUES (174, '9787115353054', '1', '9区1层4号');
INSERT INTO `bookentity` VALUES (175, '9787115356215', '1', '7区5层5号');
INSERT INTO `bookentity` VALUES (176, '9787115377470', '1', '8区5层2号');
INSERT INTO `bookentity` VALUES (177, '9787115385130', '1', '5区7层4号');
INSERT INTO `bookentity` VALUES (178, '9787121047978', '1', '5区6层3号');
INSERT INTO `bookentity` VALUES (179, '9787121070174', '1', '5区9层2号');
INSERT INTO `bookentity` VALUES (180, '9787121082320', '1', '8区6层7号');
INSERT INTO `bookentity` VALUES (181, '9787121138522', '1', '6区2层6号');
INSERT INTO `bookentity` VALUES (182, '9787121186066', '1', '8区3层1号');
INSERT INTO `bookentity` VALUES (183, '9787121196638', '1', '4区8层8号');
INSERT INTO `bookentity` VALUES (184, '9787121247736', '1', '8区6层4号');
INSERT INTO `bookentity` VALUES (185, '9787121292286', '1', '2区7层1号');
INSERT INTO `bookentity` VALUES (186, '9787122250155', '1', '1区2层5号');
INSERT INTO `bookentity` VALUES (187, '9787125063285', '1', '3区7层7号');
INSERT INTO `bookentity` VALUES (188, '9787200123944', '1', '4区7层3号');
INSERT INTO `bookentity` VALUES (189, '9787201048161', '1', '6区1层6号');
INSERT INTO `bookentity` VALUES (190, '9787203021129', '1', '6区3层6号');
INSERT INTO `bookentity` VALUES (191, '9787203071229', '1', '4区7层8号');
INSERT INTO `bookentity` VALUES (192, '9787203098799', '1', '6区9层7号');
INSERT INTO `bookentity` VALUES (193, '9787205047702', '1', '9区5层6号');
INSERT INTO `bookentity` VALUES (194, '9787208127722', '1', '8区1层6号');
INSERT INTO `bookentity` VALUES (195, '9787208144828', '1', '1区6层9号');
INSERT INTO `bookentity` VALUES (196, '9787210076766', '1', '6区5层5号');
INSERT INTO `bookentity` VALUES (197, '9787210082972', '1', '2区4层2号');
INSERT INTO `bookentity` VALUES (198, '9787213058882', '1', '9区9层2号');
INSERT INTO `bookentity` VALUES (199, '9787213072291', '1', '2区9层4号');
INSERT INTO `bookentity` VALUES (200, '9787214058577', '1', '2区7层1号');
INSERT INTO `bookentity` VALUES (201, '9787218103471', '1', '2区6层5号');
INSERT INTO `bookentity` VALUES (202, '9787220100338', '1', '7区1层4号');
INSERT INTO `bookentity` VALUES (203, '9787222155428', '1', '5区6层3号');
INSERT INTO `bookentity` VALUES (204, '9787223361835', '1', '7区7层3号');
INSERT INTO `bookentity` VALUES (205, '9787300018623', '1', '3区7层8号');
INSERT INTO `bookentity` VALUES (206, '9787300098623', '1', '8区7层2号');
INSERT INTO `bookentity` VALUES (207, '9787300194875', '1', '5区2层2号');
INSERT INTO `bookentity` VALUES (208, '9787301153642', '1', '4区5层2号');
INSERT INTO `bookentity` VALUES (209, '9787307087644', '1', '6区3层7号');
INSERT INTO `bookentity` VALUES (210, '9787307120143', '1', '6区8层4号');
INSERT INTO `bookentity` VALUES (211, '9787308083706', '1', '5区3层8号');
INSERT INTO `bookentity` VALUES (212, '9787308116268', '1', '6区2层3号');
INSERT INTO `bookentity` VALUES (213, '9787308141895', '1', '6区4层3号');
INSERT INTO `bookentity` VALUES (214, '9787313103932', '1', '1区4层7号');
INSERT INTO `bookentity` VALUES (215, '9787503924781', '1', '4区1层1号');
INSERT INTO `bookentity` VALUES (216, '9787503942396', '1', '8区2层5号');
INSERT INTO `bookentity` VALUES (217, '9787504337030', '1', '8区6层8号');
INSERT INTO `bookentity` VALUES (218, '9787504348630', '1', '3区6层6号');
INSERT INTO `bookentity` VALUES (219, '9787504481313', '1', '1区3层2号');
INSERT INTO `bookentity` VALUES (220, '9787505731868', '1', '2区2层3号');
INSERT INTO `bookentity` VALUES (221, '9787505736719', '1', '9区9层8号');
INSERT INTO `bookentity` VALUES (222, '9787506043267', '1', '2区6层6号');
INSERT INTO `bookentity` VALUES (223, '9787506349758', '1', '2区1层7号');
INSERT INTO `bookentity` VALUES (224, '9787507523614', '1', '3区2层2号');
INSERT INTO `bookentity` VALUES (225, '9787507830118', '1', '3区8层6号');
INSERT INTO `bookentity` VALUES (226, '9787508465739', '1', '3区8层4号');
INSERT INTO `bookentity` VALUES (227, '9787508617527', '1', '2区9层9号');
INSERT INTO `bookentity` VALUES (228, '9787508624471', '1', '9区9层7号');
INSERT INTO `bookentity` VALUES (229, '9787508624891', '1', '2区3层8号');
INSERT INTO `bookentity` VALUES (230, '9787508627366', '1', '6区5层8号');
INSERT INTO `bookentity` VALUES (231, '9787508628707', '1', '6区6层9号');
INSERT INTO `bookentity` VALUES (232, '9787508639291', '1', '3区3层5号');
INSERT INTO `bookentity` VALUES (233, '9787508642444', '1', '5区4层2号');
INSERT INTO `bookentity` VALUES (234, '9787508643656', '1', '6区5层7号');
INSERT INTO `bookentity` VALUES (235, '9787508643731', '1', '9区7层6号');
INSERT INTO `bookentity` VALUES (236, '9787508646534', '1', '9区1层3号');
INSERT INTO `bookentity` VALUES (237, '9787508646756', '1', '2区9层3号');
INSERT INTO `bookentity` VALUES (238, '9787508649221', '1', '6区2层3号');
INSERT INTO `bookentity` VALUES (239, '9787508649351', '1', '5区7层1号');
INSERT INTO `bookentity` VALUES (240, '9787508653976', '1', '4区8层8号');
INSERT INTO `bookentity` VALUES (241, '9787508655192', '1', '7区9层6号');
INSERT INTO `bookentity` VALUES (242, '9787508655659', '1', '2区3层7号');
INSERT INTO `bookentity` VALUES (243, '9787508656663', '1', '6区2层1号');
INSERT INTO `bookentity` VALUES (244, '9787508658346', '1', '4区2层6号');
INSERT INTO `bookentity` VALUES (245, '9787508661438', '1', '5区7层1号');
INSERT INTO `bookentity` VALUES (246, '9787508662091', '1', '4区5层2号');
INSERT INTO `bookentity` VALUES (247, '9787508663845', '1', '5区1层9号');
INSERT INTO `bookentity` VALUES (248, '9787508670188', '1', '4区4层4号');
INSERT INTO `bookentity` VALUES (249, '9787508673547', '1', '8区2层3号');
INSERT INTO `bookentity` VALUES (250, '9787508673868', '1', '7区9层3号');
INSERT INTO `bookentity` VALUES (251, '9787508675121', '1', '9区6层4号');
INSERT INTO `bookentity` VALUES (252, '9787508675220', '1', '8区3层9号');
INSERT INTO `bookentity` VALUES (253, '9787508677613', '1', '9区6层4号');
INSERT INTO `bookentity` VALUES (254, '9787510404085', '1', '9区8层1号');
INSERT INTO `bookentity` VALUES (255, '9787510851964', '1', '8区2层3号');
INSERT INTO `bookentity` VALUES (256, '9787511335937', '1', '9区1层4号');
INSERT INTO `bookentity` VALUES (257, '9787511358295', '1', '5区5层1号');
INSERT INTO `bookentity` VALUES (258, '9787511360229', '1', '7区4层8号');
INSERT INTO `bookentity` VALUES (259, '9787511709851', '1', '1区7层3号');
INSERT INTO `bookentity` VALUES (260, '9787512505407', '1', '5区5层9号');
INSERT INTO `bookentity` VALUES (261, '9787513300360', '1', '2区1层9号');
INSERT INTO `bookentity` VALUES (262, '9787513309172', '1', '5区7层3号');
INSERT INTO `bookentity` VALUES (263, '9787513313087', '1', '9区2层9号');
INSERT INTO `bookentity` VALUES (264, '9787513904797', '1', '4区8层3号');
INSERT INTO `bookentity` VALUES (265, '9787513906340', '1', '5区9层3号');
INSERT INTO `bookentity` VALUES (266, '9787514315462', '1', '7区5层4号');
INSERT INTO `bookentity` VALUES (267, '9787514336856', '1', '3区3层6号');
INSERT INTO `bookentity` VALUES (268, '9787514347692', '1', '4区8层3号');
INSERT INTO `bookentity` VALUES (269, '9787514350418', '1', '7区9层3号');
INSERT INTO `bookentity` VALUES (270, '9787515309712', '1', '7区8层7号');
INSERT INTO `bookentity` VALUES (271, '9787515504759', '1', '3区2层3号');
INSERT INTO `bookentity` VALUES (272, '9787516412794', '1', '5区8层8号');
INSERT INTO `bookentity` VALUES (273, '9787532754373', '1', '6区4层2号');
INSERT INTO `bookentity` VALUES (274, '9787532757350', '1', '9区9层8号');
INSERT INTO `bookentity` VALUES (275, '9787532764174', '1', '6区3层6号');
INSERT INTO `bookentity` VALUES (276, '9787532764655', '1', '4区9层4号');
INSERT INTO `bookentity` VALUES (277, '9787532770243', '1', '2区8层5号');
INSERT INTO `bookentity` VALUES (278, '9787532771653', '1', '1区7层7号');
INSERT INTO `bookentity` VALUES (279, '9787535443809', '1', '2区5层2号');
INSERT INTO `bookentity` VALUES (280, '9787535458438', '1', '6区2层3号');
INSERT INTO `bookentity` VALUES (281, '9787535492418', '1', '9区1层1号');
INSERT INTO `bookentity` VALUES (282, '9787535791887', '1', '1区5层9号');
INSERT INTO `bookentity` VALUES (283, '9787536672741', '1', '5区5层2号');
INSERT INTO `bookentity` VALUES (284, '9787537833875', '1', '2区6层3号');
INSERT INTO `bookentity` VALUES (285, '9787538160529', '1', '8区1层7号');
INSERT INTO `bookentity` VALUES (286, '9787539940892', '1', '6区6层6号');
INSERT INTO `bookentity` VALUES (287, '9787539949796', '1', '1区7层1号');
INSERT INTO `bookentity` VALUES (288, '9787539958774', '1', '1区5层1号');
INSERT INTO `bookentity` VALUES (289, '9787539989891', '1', '7区6层7号');
INSERT INTO `bookentity` VALUES (290, '9787539990286', '1', '8区2层1号');
INSERT INTO `bookentity` VALUES (291, '9787539990712', '1', '7区6层8号');
INSERT INTO `bookentity` VALUES (292, '9787540242893', '1', '5区9层3号');
INSERT INTO `bookentity` VALUES (293, '9787540449254', '1', '6区9层1号');
INSERT INTO `bookentity` VALUES (294, '9787540474096', '1', '4区6层2号');
INSERT INTO `bookentity` VALUES (295, '9787541142185', '1', '9区3层4号');
INSERT INTO `bookentity` VALUES (296, '9787543628250', '1', '2区8层4号');
INSERT INTO `bookentity` VALUES (297, '9787544245555', '1', '6区1层3号');
INSERT INTO `bookentity` VALUES (298, '9787544248174', '1', '4区8层9号');
INSERT INTO `bookentity` VALUES (299, '9787545201062', '1', '5区4层6号');
INSERT INTO `bookentity` VALUES (300, '9787545413991', '1', '8区3层7号');
INSERT INTO `bookentity` VALUES (301, '9787545809428', '1', '9区6层4号');
INSERT INTO `bookentity` VALUES (302, '9787547710241', '1', '1区8层1号');
INSERT INTO `bookentity` VALUES (303, '9787547829240', '1', '1区9层5号');
INSERT INTO `bookentity` VALUES (304, '9787549405480', '1', '5区1层9号');
INSERT INTO `bookentity` VALUES (305, '9787549563050', '1', '5区8层4号');
INSERT INTO `bookentity` VALUES (306, '9787550013247', '1', '5区5层2号');
INSERT INTO `bookentity` VALUES (307, '9787550211551', '1', '1区9层4号');
INSERT INTO `bookentity` VALUES (308, '9787550213333', '1', '2区7层8号');
INSERT INTO `bookentity` VALUES (309, '9787550234956', '1', '3区8层2号');
INSERT INTO `bookentity` VALUES (310, '9787550249745', '1', '6区3层6号');
INSERT INTO `bookentity` VALUES (311, '9787550284432', '1', '2区1层7号');
INSERT INTO `bookentity` VALUES (312, '9787550606876', '1', '3区5层6号');
INSERT INTO `bookentity` VALUES (313, '9787561347867', '1', '7区7层6号');
INSERT INTO `bookentity` VALUES (314, '9787563377114', '1', '8区1层9号');
INSERT INTO `bookentity` VALUES (315, '9787564066864', '1', '5区5层3号');
INSERT INTO `bookentity` VALUES (316, '9787564410151', '1', '1区1层4号');
INSERT INTO `bookentity` VALUES (317, '9787564410155', '1', '8区9层3号');
INSERT INTO `bookentity` VALUES (318, '9787568206938', '1', '4区2层9号');
INSERT INTO `bookentity` VALUES (319, '9787569906936', '1', '8区4层6号');
INSERT INTO `bookentity` VALUES (320, '9787801037084', '1', '8区3层8号');
INSERT INTO `bookentity` VALUES (321, '9787801037305', '1', '3区8层4号');
INSERT INTO `bookentity` VALUES (322, '9787802226302', '1', '6区6层3号');
INSERT INTO `bookentity` VALUES (323, '9787802288348', '1', '6区1层7号');
INSERT INTO `bookentity` VALUES (324, '9787802362178', '1', '1区5层2号');
INSERT INTO `bookentity` VALUES (325, '9787802491472', '1', '4区2层9号');
INSERT INTO `bookentity` VALUES (326, '9787802540712', '1', '3区6层2号');
INSERT INTO `bookentity` VALUES (327, '9787806579404', '1', '8区7层1号');
INSERT INTO `bookentity` VALUES (328, '9787811119114', '1', '4区4层1号');
INSERT INTO `bookentity` VALUES (329, '9787830020866', '1', '8区1层1号');
INSERT INTO `bookentity` VALUES (330, '9787894767066', '1', '9区4层4号');
INSERT INTO `bookentity` VALUES (331, '9789861992280', '1', '6区1层2号');
INSERT INTO `bookentity` VALUES (332, '9789867039859', '1', '9区2层9号');
INSERT INTO `bookentity` VALUES (333, '9789881854414', '1', '3区5层6号');
INSERT INTO `bookentity` VALUES (334, '9789900378976', '1', '8区2层2号');
INSERT INTO `bookentity` VALUES (335, '无', '1', '5区2层3号');

-- ----------------------------
-- Table structure for bookisbn
-- ----------------------------
DROP TABLE IF EXISTS `bookisbn`;
CREATE TABLE `bookisbn`  (
  `isbn` varchar(13) CHARACTER SET utf8mb4 COLLATE utf8mb4_0900_ai_ci NOT NULL,
  `title` varchar(255) CHARACTER SET utf8mb4 COLLATE utf8mb4_0900_ai_ci NOT NULL,
  `price` decimal(10, 2) NULL DEFAULT NULL,
  `author` varchar(255) CHARACTER SET utf8mb4 COLLATE utf8mb4_0900_ai_ci NULL DEFAULT NULL,
  `publisher` varchar(255) CHARACTER SET utf8mb4 COLLATE utf8mb4_0900_ai_ci NULL DEFAULT NULL,
  `borrownum` int NULL DEFAULT 0,
  `category` varchar(40) CHARACTER SET utf8mb4 COLLATE utf8mb4_0900_ai_ci NULL DEFAULT NULL,
  `cover_url` varchar(255) CHARACTER SET utf8mb4 COLLATE utf8mb4_0900_ai_ci NULL DEFAULT NULL,
  `summary` varchar(255) CHARACTER SET utf8mb4 COLLATE utf8mb4_0900_ai_ci NULL DEFAULT NULL,
  PRIMARY KEY (`isbn`) USING BTREE,
  INDEX `bookisbn_ibfk_1`(`category` ASC) USING BTREE,
  CONSTRAINT `bookisbn_ibfk_1` FOREIGN KEY (`category`) REFERENCES `category` (`category`) ON DELETE RESTRICT ON UPDATE RESTRICT
) ENGINE = InnoDB CHARACTER SET = utf8mb4 COLLATE = utf8mb4_0900_ai_ci ROW_FORMAT = Dynamic;

-- ----------------------------
-- Records of bookisbn
-- ----------------------------
INSERT INTO `bookisbn` VALUES ('', '亚细亚大观(总16辑)', 106.00, '亚细亚写真大观社', '亚细亚写真大观社', 1, '散文', NULL, NULL);
INSERT INTO `bookisbn` VALUES ('7541052163', '中国禅宗书画美学思想史纲', 176.00, '皮朝纲', '四川美术出版社', 1, '现代小说', NULL, NULL);
INSERT INTO `bookisbn` VALUES ('7801232623', '香光居文选：祥和洒脱之路 ', 171.00, '林克智', '宗教文化出版社', 1, '经典小说', NULL, NULL);
INSERT INTO `bookisbn` VALUES ('7801235878', '法华经说什么', 130.00, '惟贤法师', '宗教文化出版社', 1, '科幻小说', NULL, NULL);
INSERT INTO `bookisbn` VALUES ('7801236432', '华严学讲义', 125.00, '贤度法师', '宗教文化出版社', 1, '历史/哲学', NULL, NULL);
INSERT INTO `bookisbn` VALUES ('9781620960974', '时光的把戏', 33.00, '黛博拉·安妮·罗杰斯', '浙江出版集团数字传媒', 1, '科幻小说', NULL, NULL);
INSERT INTO `bookisbn` VALUES ('9781620962466', '大揭秘：庞氏骗局的前世今生', 164.00, '(美)柯琳·克罗丝', 'Fiberead·浙版数媒', 1, '散文', NULL, '内容介绍：2008年金融危机导致十个史上最大规模的庞氏骗局轰然坍塌。今天的金融市场比八年前更加动荡，这往往意味着庞氏骗局游戏结束的时刻到了。下一个庞氏骗局的超级大泡沫即将被捅破，规模甚至会让麦道夫的500亿美金骗局相形见绌。不明真相的投资者会被洗劫一空，经验丰富的投资人也会措手不及。本书为你深入解剖了庞氏骗局的来龙去脉及典型手法。要想在眼花缭乱的投资产品中避开陷阱，就赶快拿起本书吧！作者简介：在成');
INSERT INTO `bookisbn` VALUES ('9787020016280', '平凡的世界', 139.00, '路遥', '人民文学出版社', 3, '现代小说', 'https://www.helloimg.com/i/2024/12/03/674f0921e55c2.jpg', '这是一部现实主义小说,也是小说化的家族史。作家高度浓缩了中国西北农村的历史变迁过程,作品达到了思想性与艺术性的高度统一,特别是主人公面对困境艰苦奋斗的精神,对今天的大学生朋友仍有启迪。这是一部全景式地表现中国当代城乡社会生活的长篇小说,本书共三部。作者在近十年问广阔背景上,通过复杂的矛盾纠葛,刻划了社会各阶层众多普通人的形象。劳动与爱情,挫折与追求,痛苦与欢乐,日常生活与巨大社会冲突,纷繁地交织在一起,深刻地展示了普通人在大时代历史进程中所走过的艰难曲折的道路。');
INSERT INTO `bookisbn` VALUES ('9787020020126', '莎士比亚全集（共六集）', 194.00, '英] 莎士比亚', '人民文学出版社', 1, '现代小说', NULL, NULL);
INSERT INTO `bookisbn` VALUES ('9787020024759', '呐喊', 163.00, '鲁迅', '人民文学出版社', 1, '经典小说', 'https://www.helloimg.com/i/2024/12/03/674f0923be1c1.jpg', '本书收入了鲁迅先生1918年至1922年间创作的小说《狂人日记》、《孔乙己》、《药》、《明天》、《一件小事》、《头发的故事》等14篇。');
INSERT INTO `bookisbn` VALUES ('9787020026272', '围城', 33.00, '钱钟书', '人民文学出版社', 2, '现代小说', 'https://www.helloimg.com/i/2024/12/03/674f0bff38095.jpg', '《围城》是钱锺书所著的长篇小说，是中国现代文学史上一部风格独特的讽刺小说。被誉为“新儒林外史”。第一版于1947年由上海晨光出版公司出版。故事主要写抗战初期知识分子的群像。');
INSERT INTO `bookisbn` VALUES ('9787020027729', '子夜', 48.00, '茅盾', '人民文学出版社', 5, '现代小说', 'https://www.helloimg.com/i/2024/12/03/674f12a087ab6.jpg', '该小说以20世纪30年代的上海为背景，围绕着民族资本家吴荪甫与买办赵伯韬之间的尖锐矛盾和斗争，浓墨重彩地描绘了中国民族工业在买办资豢与封建专制的夹缝中求生存的画卷，以丰富的思想内涵对旧中国的社会现实作了深刻的剖析。 [11]小说主人公吴荪甫这一典型形象，深刻地表现出半封建半殖民地中国民族资产阶级的两面性：既有发展民族工业的愿望的进步一面，又有资本家唯利是图，剥削和镇压工农群众的反动一面。');
INSERT INTO `bookisbn` VALUES ('9787020028887', '红与黑', 129.00, '司汤达', '人民文学出版社', 5, '经典小说', 'https://ts1.cn.mm.bing.net/th/id/R-C.b62434e5da07be6394b85d5ba35c6cb5?rik=6qqcYf4v7aL4Rw&riu=http%3a%2f%2fpic.baike.soso.com%2fp%2f20131221%2f20131221163510-364710790.jpg&ehk=yE6cRr7FH2PkuxntLS2eOxwnPaoLvgN9nx300YwdOqc%3d&risl=&pid=ImgRaw&r=0', '讲述于连梦想破灭的故事');
INSERT INTO `bookisbn` VALUES ('9787020042494', '红楼梦', 111.00, '曹雪芹', '人民文学出版社', 3, '经典小说', 'https://www.helloimg.com/i/2024/12/03/674f1d0f8e58e.jpg', '《红楼梦》，中国古代章回体长篇虚构小说，中国古典四大名著之一。其通行本共120回，一般认为前80回是清代作家曹雪芹所著，后40回作者为无名氏，整理者为程伟元、高鹗。小说以贾、史、王、薛四大家族的兴衰为背景，以富贵公子贾宝玉为视角，以贾宝玉与林黛玉、薛宝钗的爱情婚姻悲剧为主线，描绘了一些闺阁佳人的人生百态，展现了真正的人性美和悲剧美，是一部从各个角度展现女性美以及中国古代社会百态的史诗性著作。');
INSERT INTO `bookisbn` VALUES ('9787020047475', '朝花夕拾', 159.00, '鲁迅', '人民文学出版社', 2, '现代小说', 'https://www.helloimg.com/i/2024/12/03/674f102a5b328.jpg', '此文集作为“回忆的记事”，多侧面地反映了作者鲁迅青少年时期的生活，形象地反映了他的性格和志趣的形成经过。前七篇反映他童年时代在绍兴的家庭和私塾中的生活情景，后三篇叙述他从家乡到南京，又到日本留学，然后回国教书的经历；揭露了半殖民地半封建社会种种丑恶的不合理现象，同时反映了有抱负的青年知识分子在旧中国茫茫黑夜中，不畏艰险，寻找光明的困难历程，以及抒发了作者对往日亲友、师长的怀念之情 ');
INSERT INTO `bookisbn` VALUES ('9787020053810', '巴黎圣母院', 72.00, '雨果', '人民文学出版社', 3, '经典小说', 'https://marketplace.canva.cn/EAEAoxzIJ1U/1/0/1003w/canva-%E9%BB%84%E8%A4%90%E8%89%B2%E5%B7%B4%E9%BB%8E%E5%9C%A3%E6%AF%8D%E9%99%A2%E5%A4%8D%E5%8F%A4%E6%96%87%E5%8C%96%E4%BB%8B%E7%BB%8D%E4%B8%AD%E6%96%87%E4%B9%A6%E7%B1%8D%E5%B0%81%E9%9D%A2-9WHFcNlGGXg.jpg', '巴黎圣母院副主教克洛德道貌岸然、蛇蝎心肠，先爱后恨，迫害吉卜赛女郎埃斯梅拉达。面目丑陋、心地善良的敲钟人卡西莫多为救女郎舍身。小说揭露了宗教的虚伪，宣告禁欲主义的破产，歌颂了下层劳动人民的善良、友爱、舍己为人，反映了雨果的人道主义思想。');
INSERT INTO `bookisbn` VALUES ('9787020061211', '血色浪漫', 64.00, '都梁', '人民文学出版社', 1, '散文', NULL, NULL);
INSERT INTO `bookisbn` VALUES ('9787020067107', '天使与魔鬼', 91.00, '(美)丹·布朗(Dan Brown)', '人民文学出版社', 1, '历史', NULL, '内容介绍：几百年前，最让梦见蒂冈畏惧的敌是一个名为“光照派”的秘密组织。这个组织由一些受到宗教迫害的科学家组成，他们发誓要对梵冈进行复仇。时到今日，当代许多历史学家还对这个组织的存在深信不疑，而且认为这是全球势力最强大的组织之一，它渗透到世界的各个角落，不为人知……编辑推荐：虔诚的上帝信徒——欧洲原子核研究组织的杰出科学家列奥纳多·维特勒毕生致力于以科学的手段证明神的存在。他和其养女、神秘妩媚的科');
INSERT INTO `bookisbn` VALUES ('9787020115068', '悲惨世界', 66.00, '雨果', '人民文学出版社', 2, '经典小说', 'https://p1.ssl.qhimg.com/t01da991be509a3ec15.jpg', '故事的主线围绕主人公土伦苦刑犯冉·阿让（Jean Valjean）的个人经历，融进了法国的历史、革命、战争、道德哲学、法律、正义、宗教信仰。');
INSERT INTO `bookisbn` VALUES ('9787020115884', '茶花女', 44.00, '小仲马', '人民文学出版社', 3, '经典小说', 'https://p1.ssl.qhimg.com/t01da991be509a3ec15.jpg', '小说讲述玛格丽特是个农村姑娘，长得异常漂亮。她来巴黎谋生，不幸做了妓女。富家青年阿尔芒赤诚地爱她，唤起了她对爱情生活的向往。但是阿尔芒的父亲反对这门婚事，迫使她离开了阿尔芒。阿尔芒不明真相，便寻机羞辱她，终于使她在贫病交加之中含恨死去。');
INSERT INTO `bookisbn` VALUES ('9787020117468', '无路可逃：1966—1976自我口述史', 15.00, '冯骥才', '人民文学出版社', 1, '历史/哲学', NULL, '内容介绍：尽管这一切都已时过境迁，物去人非，连那个时代种种标志物都成了收藏品，但它在社会生活里和我的心里却还时隐时现，并使我不得安宁。这一次，冯骥才讲述自己的“文革”十年历史不是他者，它已是你生命深处的一部分作者简介：冯骥才，浙江宁波人，1942年生于天津，中国当代作家、画家。全国政协常委，中国文联副主席，中国民间文艺家协会主席。其文学作品题材广泛，形式多样，已出版各种作品（集）五十余种，其中《高');
INSERT INTO `bookisbn` VALUES ('9787020128648', '东周列国志', 121.00, '冯梦龙', '人民文学出版社', 3, '经典小说', 'https://so1.360tres.com/t01bc7bbaa15f9cfe50.jpg', '《东周列国志》写的是西周结束（公元前789年）至秦统一六国（公元前221年），包括春秋、战国五百多年间的历史故事，内容相当丰富复杂。小说描写了周幽王凶残无道，周平王东迁，诸侯国争霸，士大夫势力日益壮大，最终形成七雄对峙局面；批判了昏庸愚昧的昏君暴君，揭示了战争给人民带来的深重灾难；歌颂了赏罚分明的王侯和有胆识的将相勇夫。小说的布局谋篇主次分明，错落有致。每一故事既可独立成篇，又可贯穿一体。人物形象栩栩如生，故事描写引人入胜。');
INSERT INTO `bookisbn` VALUES ('9787101206414', '罗曼蒂克消亡史', 172.00, '程耳', '江西人民出版社', 1, '散文', NULL, '内容介绍：七个短篇小说，七把扎出人性荒诞的利刃。程耳的小说如同他的电影，循环推进，起落得当，总要人怀着好奇与疑惑，绝难一览无余。他通过冷静自律又舒缓细腻的叙述，连接往昔与现在，抖落隐秘--人类的存在就是一部消亡史，那些浪漫的，需要被重新打量，那些经得起打量的荒诞，才最浪漫。如果你曾被程耳的《边境风云》吸引，如果你喜欢《两杆大烟枪》《疯狂的石头》，如果你觉得循环推进、多线叙事是很酷的玩法，如果你对未');
INSERT INTO `bookisbn` VALUES ('9787108009828', '西游记', 108.00, '吴承恩', '中华书局', 5, '经典小说', 'https://www.helloimg.com/i/2024/12/02/674dcd04cf4a5.png', '该小说主要讲述了孙悟空出世，跟随菩提祖师学艺及大闹天宫后，遇见了唐僧、猪八戒、沙僧和白龙马，西行取经，一路上历经艰险，降妖除魔，经历了九九八十一难，终于到达西天见到如来佛祖，最终五圣成真的故事。该小说以“玄奘取经”这一历史事件为蓝本，经作者的艺术加工，深刻地描绘出明朝时期的社会生活状况。');
INSERT INTO `bookisbn` VALUES ('9787108009835', '水浒传', 11.00, '施耐庵', '中华书局', 2, '经典小说', 'https://www.helloimg.com/i/2024/12/02/674dcceca9dc0.png', '《水浒传》是中国古典四大名著之一，问世后，在社会上产生了巨大的影响，成为后世中国小说创作的典范。《水浒传》是中国历史上最早用白话文写成的章回小说，流传极广，脍炙人口；同时也是汉语言文学中具备史诗特征的作品之一，对中国乃至东亚的叙事文学都有深远的影响。');
INSERT INTO `bookisbn` VALUES ('9787108009859', '三国演义', 102.00, '罗贯中', '中华书局', 5, '经典小说', 'https://www.helloimg.com/i/2024/12/02/674dcce7e6498.png', '《三国演义》是罗贯中在有关三国故事的宋元话本、戏曲和轶事传闻的基础上，依据晋代陈寿所著的《三国志》以及南朝宋人裴松之为《三国志》所作的注，所进行的艺术加工再创作');
INSERT INTO `bookisbn` VALUES ('9787108025262', '白夜行', 86.00, '东野圭吾', '南海出版社', 2, '现代小说', 'https://www.helloimg.com/i/2024/12/03/674f1d4cc8305.jpg', '《白夜行》是日本作家东野圭吾创作的长篇小说，也是其代表作。该小说于1997年1月至1999年1月间连载于期刊，单行本1999年8月在日本发行。\r\n故事围绕着一对有着不同寻常情愫的小学生展开。1973年，大阪的一栋废弃建筑内发现了一具男尸，此后19年，嫌疑人之女雪穗与被害者之子桐原亮司走上截然不同的人生道路，一个跻身上流社会，一个却在底层游走，而他们身边的人，却接二连三地离奇死去，警察经过19年的艰苦追踪，终于使真相大白。作品以雪穗和亮司的畸形之恋折射社会现实问题，反映家庭教育对孩子身心发展的重要影响。');
INSERT INTO `bookisbn` VALUES ('9787108032359', '文化苦旅', 117.00, '余秋雨', '中华书局', 3, '散文', 'https://www.helloimg.com/i/2024/12/02/674dccf1261fd.png', '《文化苦旅》由自序、后记和37篇文章组成，主要内容有：\\r\\n1.通过一个个古老的物像，描述大漠荒荒，黄河文明的盛衰，历史的深邃苍凉。\\r\\n2.以柔丽凄迷的小桥流水为背景，形神俱佳地表现了清新婉约的江南文化和世态人情。\\r\\n3.通过文化人格、文化良知的描述和回忆，展示了中国文人艰难的心路历程以及文化的走向。');
INSERT INTO `bookisbn` VALUES ('9787111820996', '肯·福莱特历史悬疑小说经典：肯·福莱特精选套装（超值版全5册）', 124.00, '(英) 肯·福莱特KenFollett', '江苏凤凰文艺出版社', 1, '历史/哲学', NULL, '内容介绍：《风暴岛》Eye of the Needle本书是肯·福莱特的处女作，一上市即受到广泛的关注，被改编为热门电影，并于次年获得了爱伦·坡小说奖，至1999年全球累计销量逾1000万册，是美国《出版人周刊》《时代周刊》等杂志强烈推荐的超级畅销小说。诺曼底登陆前夜，二战最紧张最黑暗的时刻，冷酷无情的间谍、优雅多情的少妇与锲而不舍的英国侦探，相遇在这座荒凉的小岛上，危机一触即发。《寒鸦行动》Ja');
INSERT INTO `bookisbn` VALUES ('9787112308771', ' 傅雷经典译文全集（共45册）', 68.00, '(英)罗素(法)服尔德(法)巴尔扎克(法)牛顿(法)莫罗阿等', '北京阅览文化传播有限公司', 1, '经典小说', NULL, '内容介绍：《约翰·克利斯朵夫》这是影响全世界和中国几代人的著名小说之一，是一部宣扬人道主义和英雄主义的长篇小说，为诺贝尔文学奖获得者罗曼·罗兰的代表作。它不止是一部小说，而是人类一部伟大的史诗，它所描绘歌咏的不是人类在物质方面而是在精神方面所经历的艰险，不是征服外界而是征服世界的战迹，它是千万生灵的一面镜子，是古今中外英雄圣哲的一部历险记，正如贝多芬一阕大交响乐章，她将永远影响后世和激励来者。《巨');
INSERT INTO `bookisbn` VALUES ('9787113129958', '中文版Illustrator CS5完全学习手册', 151.00, '创锐文化', '中国铁道出版社', 1, '历史', NULL, '内容介绍：IIustratorCS5是Adobe公司推出的最新IIIustratorCS版本，在软件界面与应用功能上有着不同程度的更新。IIIustrator是一款图形绘制软件，被广泛应用于平面广告设计、包装设计、概念设计、效果图制作和插画设计等众多领域。《中文版Illustrator CS5完全学习手册》是可以从本质上帮助读者对图形图像进行完美编辑的书籍。全书共分为14个章节，分别从初识IIIu');
INSERT INTO `bookisbn` VALUES ('9787115177070', 'Photoshop Lightroom摄影师专业技法', 159.00, '(美)凯尔比(KelbyS.)', '人民邮电出版社', 1, '科幻小说', NULL, '内容介绍：《PhotoshopLightroom摄影师专业技法》的内容组织独具匠心，书中没有讲述Photoshop Lightroom成套的理论，而是详尽地介绍了其实际的使用方法和技巧，并针对每个问题详细地列出所有处理步骤和具体的设置。读者在阅读之后，就可以了解在Photoshop Lightroom中怎样导入照片、分类和组织照片、编辑照片、修饰照片、转换为黑白照片、制作幻灯演示、打印照片、创建针');
INSERT INTO `bookisbn` VALUES ('9787115222565', '漫画分镜头表现教程', 143.00, 'Oran猪', '人民邮电出版社', 1, '历史/哲学', NULL, '内容介绍：漫画是通过图像和文字来表达的艺术，而分镜头表现在漫画创作中起着重要的作用，它将故事发生的顺序、作者的观察角度、事物之间的关联和虚实关系，以及故事的节奏和情绪完美地诠释出来。本书针对漫画创作中重要的一项工作——分镜表现手法进行了全面的介绍，内容包括漫画中“页”的概念、分镜头的三大特点、镜头角度对读者视觉的指引作用、镜头距离的配合使用及效果、画面焦点的定位、镜头移动对于切割画面的作用、漫画分');
INSERT INTO `bookisbn` VALUES ('9787115233967', '数字校色', 38.00, '(美)赫尔菲什', '人民邮电出版社', 1, '历史/哲学', NULL, '内容介绍：本书包含了作者几十年的业界经验和专业技能，展示了后期专家们如何将他们的艺术创作再上一个台阶。通过在多个不同校色软件上（如苹果的Color、Synthetjc Aperture的Color Finesse、 Avid Xpress Pro以及其他软件等）演示调色技术，本书将长久以来直被误解的“黑色艺术”变成了任何有心的剪辑师或动态图形设计师都能学习掌握的技能。加上其中相互交融的注释、小窍门');
INSERT INTO `bookisbn` VALUES ('9787115257963', '色彩设计：日本平面设计师参考手册', 133.00, '(日) Designing编辑部', '人民邮电出版社', 1, '科幻小说', NULL, '内容介绍：《色彩设计：日本平面设计师参考手册》主要介绍了色彩、配色及色彩管理的相关知识以及在软件中如何实现，通过将具体的配色案例进行Before与After的对比，并用StepbyStep的方式进行讲解，鲜明而直观地呈现了极具学习价值的配色方案及技巧。全书共分7部分。第1部分讲解色彩的基础知识，第2~第3部分讲解色彩的配置方法及配色技巧，第4部分讲解如何对文字进行配色；第5部分讲解了图片中的配色技');
INSERT INTO `bookisbn` VALUES ('9787115287854', '我是设计师', 159.00, '刘松王蕾', '人民邮电出版社', 1, '历史', NULL, '内容介绍：《我是设计师》是一本以设计师第一视角和切身体会来完成的书。 　　作者刘松作为80后设计师的杰出代表，以这一代人独特的体验来观察周围的事物，通过自己全新的视角看待设计。透过多领域、跨专业的设计积累，对什么是好设计做了阐述和践行。书中刘松以自己的知名设计案为例，将整书分为两个部分：做设计师和做设计。 从毕业开启设计师职业生涯为起点，通过做人、做事和做设计构建起一个通向成熟设计师的轨迹。从什么');
INSERT INTO `bookisbn` VALUES ('9787115291196', 'Cinema 4D完全学习手册', 197.00, 'TVart培训基地', '人民邮电出版社', 1, '历史', NULL, '内容介绍：《CINEMA 4D完全学习手册》内容出版之前，一直是TVart培训基地的内部课程内容，《CINEMA 4D完全学习手册》是系统全面地讲解Cinema 4D（以下简称C4D）软件的手册，现阶段还没有任何一本书是以这种形式存在的。[1] 《CINEMA 4D完全学习手册》一书从第1章到第14章讲解了Cinema 4D的基础部分，从第15章到第25章讲解了Cinema 4D的高级部分，《CI');
INSERT INTO `bookisbn` VALUES ('9787115295637', '数码摄影后期密码 PHOTOSHOP CS6调色秘籍', 118.00, '创锐设计', '人民邮电出版社', 1, '科幻小说', NULL, '内容介绍：《数码摄影后期密码:Photoshop CS6调色秘籍》的创作主旨是为读者介绍色彩处理的基础知识，色彩调整的专业技法和主题照片的调色技巧。《数码摄影后期密码:Photoshop CS6调色秘籍》依托最擅长颜色调整的专业图像处理软件Photoshop，按照3个层次介绍了调色的理论知识和实战应用。第1部分准备知识（第1章～第3章），首先对色彩的理论知识进行了详尽的介绍，接着以Photosho');
INSERT INTO `bookisbn` VALUES ('9787115297235', 'ADOBE PREMIERE PRO CS6标准培训教材', 179.00, 'ACAA专家委员会 DDC传媒', '人民邮电出版社', 1, '历史/哲学', NULL, '内容介绍：为了让读者系统、快速地掌握Adobe Premiere Pro CS6软件，《ADOBE PREMIERE PRO CS6标准培训教材》从数字视频基础知识讲起，全面细致地介绍了Adobe Premiere Pro CS6的各项功能，包括：配置项目的基本方法，采集、导入与管理素材的各种方法，添加并设置转场，混合音频，创建字幕，创建动画与效果，进行视频合成以及输出与创建视频光盘等。　　《AD');
INSERT INTO `bookisbn` VALUES ('9787115297747', '数码摄影后期密码PHOTOSHOP CS6人像精修', 150.00, '创锐设计', '人民邮电出版社', 1, '历史', NULL, '内容介绍：数码摄影后期密码Photoshop CS6人像精修从色彩基础和软件调色功能开始，循序渐进地讲解调色的专业技法。通过对比调整前后由失败到成功的范例，让您立刻感受到色彩调整化腐朽为神奇的为例。另外用丰富的图文讲解贯穿全文，更有使用的专业技法讲解，提供专业人士总结的学习捷径。书中实例鲜明有代表性，以便读者融会贯通，进行新的创作设计。作者简介：创锐设计，由一支优秀的平面设计师与图形图像资深编辑队');
INSERT INTO `bookisbn` VALUES ('9787115299932', '数码摄影后期密码Photoshop CS6光影神话', 15.00, '创锐设计', '人民邮电出版社', 1, '经典小说', NULL, '内容介绍：《数码摄影后期密码Photoshop CS6光影神话》的创作主旨是为读者介绍照片拍摄中光影处理的入门知识、光影调整的专业技法和主题照片的光影表现技巧。《数码摄影后期密码Photoshop CS6光影神话》依托最擅长光影调整的专业图像处理软件Photoshop，按照4个层次介绍了光影的理论知识和实战应用。第1部分准备知识（第1章），对光影的基础知识进行入门讲解。第2部分必备功能（第2章至第');
INSERT INTO `bookisbn` VALUES ('9787115300771', 'MBA轻松读市场营销+经营战略+逻辑思维+组织管理+管理会计+金融学(套装共6册)', 184.00, '(日)顾彼思商学院(日)嶋田毅(日)星野优(日)青井博幸(日)佐藤刚', '北京时代华文书局', 1, '历史/哲学', NULL, '内容介绍：1.日本最大商学院GLOBIS MBA精华日本最大商学院最受欢迎的MBA课程精华，作 为MBA的读物具有权威性专业性。每本书的作者均为本学院的教授，身体力行的讲义本身具有巨大的影响力。　　2.管理者必需的MBA六门课一套MBA课程精华，涵盖了MBA课程：管理会计、金融学、经营战略、逻辑思维、组织管理、市场营销等内容，是职场精英必须搞定的职业管理技能。　　3.七天学会一门精品课MBA轻松读');
INSERT INTO `bookisbn` VALUES ('9787115304771', '巴金文集（套装共19本）', 106.00, '巴金', '北京中文在线数字出版股份有限公司', 1, '历史/哲学', NULL, '内容介绍：谁是巴金？他是封建社会的富二代，有着海龟背景，却走上了反封建的路。他胆小、怕交际，是个十足的宅男，直到四十岁才结婚。妻子是小他13岁的女粉丝。他说：人要有信仰。“巴金”这一笔名源自他在留学法国时认识的一位同学巴恩波，以及这位同学自杀身亡时他所翻译的克鲁泡特金著作。他把这二人的名字各取一字，成为了他的笔名。他懂生活，赚了稿费就爱旅行、写游记。“文革”时期，他被关进“牛棚”，因为“四人帮”认');
INSERT INTO `bookisbn` VALUES ('9787115306771', '道金斯科学经典系列：自私的基因＋盲眼钟表匠＋魔鬼的牧师（套装共三册）', 156.00, '(英) 理查德·道金斯', '中信出版社', 1, '散文', NULL, '内容介绍：《魔鬼的牧师》：　　“魔鬼的牧师”一词，首先由达尔文于1856年提出，指的是“为进化和自然选择辩护，反对上帝创世论，坚决主张无神论的人”。道金斯以此自居，高举科学大旗，倡导无神论，堪称坚定的进化论者。　　《魔鬼的牧师》是超级畅销书作家理查德·道金斯科学创作25年来自选集。25年卓越的科学思考，遴选出32篇精彩的科学美文，涉及基因、宗教、道德、教育、公平、正义等重大公共话题，科学与理性兼具');
INSERT INTO `bookisbn` VALUES ('9787115308271', '霍金究竟知道什么', 72.00, '李春燕', '江苏人民出版社', 1, '现代小说', NULL, '内容介绍：2010年4月25日，在轮椅上坐了40年，被誉为当代爱因斯坦的物理学家史蒂芬·霍金（Stephen Hawking）突然说出了一句完全颠覆自己过往观念的惊人之语：外星生命几乎可以确定存在，但人类最好不要主动和它们打招呼。当月月底，霍金又说：人类终可实现时间旅行，但千万不要回到过去，否则会扰乱时间的结构，后果不堪设想。2010年8月6日，霍金警告：地球将在200年内毁灭，移民太空是唯一的出');
INSERT INTO `bookisbn` VALUES ('9787115308771', 'HTML5移动应用开发入门经典', 71.00, '(美)凯瑞恩', '人民邮电出版社', 1, '科幻小说', NULL, '内容介绍：《HTML5移动应用开发入门经典》总共分为24章，以示例的方式对如何使用HTML5及相关技术进行移动应用开发做了全面而细致的介绍。《HTML5移动应用开发入门经典》首先讲解了HTML5的起源以及它为什么适用于移动设备，然后讲解了HTML5的基本元素以及所做的改进、canvas（画布）、视音频、微格式、微数据、拖曳等新增特性，还讲解了WebSocket、WebWorkers、Web存储、离');
INSERT INTO `bookisbn` VALUES ('9787115328771', '间谍课系列：7本书带你走进间谍圈', 130.00, '(英)弗·福赛斯', '上海读客图书有限公司', 1, '历史', NULL, '内容介绍：《间谍课：阿富汗人》“911”后，“基地”组织并未销声匿迹，其恐怖袭击已经转换了目标与方式！福赛斯用无懈可击的严密构思与复杂精确的技术细节，精准预言第二次袭击计划！翻开本书，亲历世界上最极端恐怖分子的一次偷天换日之旅！《间谍课：暗杀名单》细析骇人听闻的跨国犯罪事件，揭秘极端主义圣战分子的杀戮真相！一场高手间的对战与绝杀、险象环生的全球追捕，追踪路线遍布沙漠、海洋与天空。《间谍课：豺狼的日');
INSERT INTO `bookisbn` VALUES ('9787115338365', 'html5权威指南', 46.00, '(美) Adam Freeman', '人民邮电出版社', 1, '历史/哲学', NULL, '内容介绍：《HTML5 权威指南》是系统学习网页设计的权威参考图书。本书分为五部分：第一部分介绍学习本书的预备知识和HTML、CSS 和JavaScript 的最新进展；第二部分讨论HTML 元素，并详细说明了HTML5中新增和修改的元素；第三部分阐述CSS，涵盖了所有控制内容样式的CSS 选择器和属性，并辅以大量代码示例和图示；第四部分介绍DOM，剖析如何用JavaScript 操纵HTML 内');
INSERT INTO `bookisbn` VALUES ('9787115353054', '破茧成蝶-用户体验设计师', 22.00, '刘津李月', '人民邮电出版社', 1, '散文', NULL, '内容介绍：作为一门独立的学科和行业，用户体验设计正在快速发展并得到越来越多的重视。随着互联网思维这一概念的提出和兴起，“用户体验”的地位和关注度　　得到进一步的提升和强化。市面上已经有很多专业的用户体验书籍，但解决用户体验设计师在职场中遇到的众多现实问题的图书并不多见。《破茧成蝶：用户体验设计师的成长之路》从用户体验设计师的角度出发，系统地介绍了其职业生涯中的学习方法、思维方式、工作流程和方式，覆');
INSERT INTO `bookisbn` VALUES ('9787115356215', '有趣的统计 75招学会数据分析', 151.00, '(美) Bruce Frey', '人民邮电出版社', 1, '经典小说', NULL, '内容介绍：《有趣的统计：75招学会数据分析》介绍的实用技巧运用了统计学原理，还借鉴了教育学和心理学上的测量和实验研究方法。这些技巧可以帮你解决商业、游戏以及日常生活中的各类问题。　　本书主要内容：　　在德州扑克、二十一点、轮盘赌、骰子游戏甚至买彩票时如何聪明地下注　　设计能稳操胜券的酒吧赌注，赢到钱，在朋友面前赚足面子　　预测体育比赛结果，知道足球比赛中何时应该“得两分”　　揭秘惊人巧合，辨别真正');
INSERT INTO `bookisbn` VALUES ('9787115377470', '风景心路：Lightroom风光摄影后期处理技法', 111.00, '孙晓岭', '人民邮电出版社', 1, '经典小说', NULL, '内容介绍：《风景心路：Lightroom风光摄影后期处理技法》是一本献给铁杆风景摄影师对于如何快速处理作品的从技术到思维的指导性著作。使用这本书的直接好处，就是你可以将旅行中风景摄影的机会从前期拍摄向着创意性的后期延伸，在风景观念上突破传统的拍摄局限。如果你是一位对风景摄影感兴趣的读者，《风景心路：Lightroom风光摄影后期处理技法》能帮助你少走弯路，并使你的作品获得一次升级；如果你是知名的风');
INSERT INTO `bookisbn` VALUES ('9787115385130', '程序是怎样跑起来的', 91.00, '(日)矢泽久雄', '人民邮电出版社', 1, '散文', NULL, '内容介绍：本书从计算机的内部结构开始讲起，以图配文的形式详细讲解了二进制、内存、数据压缩、源文件和可执行文件、操作系统和应用程序的关系、汇编语言、硬件控制方法等内容，目的是让读者了解从用户双击程序图标到程序开始运行之间到底发生了什么。同时专设了“如果是你，你会怎样介绍？”专栏，以小学生、老奶奶为对象讲解程序的运行原理，颇为有趣。本书图文并茂，通俗易懂，非常适合计算机爱好者及相关从业人员阅读。作者简');
INSERT INTO `bookisbn` VALUES ('9787121047978', 'DesigningInterfaces中文版', 114.00, '(美)Jenifer Tidwell', '电子工业出版社', 1, '经典小说', NULL, '内容介绍：本书清楚、简洁、引人入胜，以设计模式的形式总结处理界面设计法则，展现了常见设计问题的解决办法及其在实践当中的运用。每个模式包含了您可以立刻取用的实务建议，并用全彩方式展现了运用技巧。您能够从本书中获得设计建议、可替代的设计方案，以及何时不宜采用的警示，可以根据自身情况灵活运用。另外，每章的介绍部分描述了交互设计和视觉设计中的各个关键概念，这些叙述让您深入理解模式的精髓，如何更加科学地应用');
INSERT INTO `bookisbn` VALUES ('9787121070174', 'About Face 3交互设计精髓', 95.00, '(美)Alan Cooper(美) Robert Reimann(美) David Cronin', '电子工业出版社', 1, '科幻小说', NULL, '内容介绍：本书是一本数字产品和系统的交互设计指南，全面系统地讲述了交互设计过程、原理和方法，涉及的产品和系统有个人电脑上的个人和商务软件、Web应用、手持设备、信息亭、数字医疗系统、数字工业系统等。运用本书的交互设计过程和方法，有助于了解使用者和产品之间的交互行为，进而更好地设计出更具吸引力和更具市场竞争力的产品。全书分成3篇：第1篇描述了“目标导向设计”，详细讨论了用户和设计的过程及思想；第2篇');
INSERT INTO `bookisbn` VALUES ('9787121082320', '细节决定交互设计的成败', 121.00, '张亮', '电子工业出版社', 1, '历史/哲学', NULL, '内容介绍：《细节决定交互设计的成败》是一本非常实用的有关软件界面的交互设计和可用性设计方面知识的书籍，通过采用一问一答的形式，你将会有针对性地学习到一些能够很快应用在自己软件开发工作中的细节知识和诀窍。例如，如何减轻用户的等待感，如何预防和减少用户的使用错误等。另外，你会发现阅读《细节决定交互设计的成败》时会非常轻松和愉悦；这是由于《细节决定交互设计的成败》写作上的两个特点：第一，采用较多日常生活');
INSERT INTO `bookisbn` VALUES ('9787121138522', '网络营销推广实战宝典（第2版）', 122.00, '江礼坤', '中国工信出版社', 1, '现代小说', NULL, '内容介绍：《网络营销推广实战宝典（第2 版）》是一本系统介绍网络营销推广策略和方法的实战教程，是网络营销人员必备的工具书。作者用15 年的实战经验，凝聚成了《网络营销推广实战宝典（第2 版）》。《网络营销推广实战宝典（第2 版）》中无太多长篇大论，全部是真刀真枪的实操。《网络营销推广实战宝典（第2 版）》中涉及的技巧和方法，都是作者从实际操作中总结出来的成功经验。同时，作者的许多学生和客户，也都在');
INSERT INTO `bookisbn` VALUES ('9787121186066', '在你身边为你设计', 48.00, '腾讯公司用户研究与体验设计部', '电子工业出版社', 1, '历史/哲学', NULL, '内容介绍：设计属于所有人，也意在为所有人使用，这既是设计的价值，也是设计的责任。本书内容包括：设计理念、设计方法、用户研究、体验设计、设计流程和工具，以及团队成长与管理等方面的知识与经验分享。作者简介：本书是腾讯核心部门之一CDC的设计经验总结和分享，并含有常规的交互设计、用户体验方面的设计法则，图文并茂，展现交互、视觉、用户体验设计的结合，体现当今着重体验的设计感受。');
INSERT INTO `bookisbn` VALUES ('9787121196638', '数字乌托邦：从反主流文化到赛博文化', 54.00, '(美)弗雷德·特纳', '电子工业出版社', 1, '历史', NULL, '内容介绍：20世纪60年代早期，在美国大众眼中，计算机只是冷战中冰冷的机器，然而到了90年代互联网到来之时，计算机却呈现出一个截然不同的世界——它们模拟出了一个数字乌托邦般的协同体，而这正是曾经最反对冷战的嬉皮士们的共同愿景。　　《数字乌托邦：从反主流文化到赛博文化》正是探索这次非同寻常且颇具讽刺意味的变革的第一本书。作者挖掘出那些在旧金山湾区的先驱者——斯图尔特·布兰德和他的“全球网络”鲜为人知');
INSERT INTO `bookisbn` VALUES ('9787121247736', '计算机主板维修不是事儿', 115.00, '徐海钊', '电子工业出版社', 1, '科幻小说', NULL, '内容介绍：本书由浅入深、图文并茂地讲解台式机主板的工作流程，从厂家售后维修角度，深度分析时序电路特点及维修方法，并配有经典的图文维修实例，本书通俗易懂，可供广大读者阅读参考。');
INSERT INTO `bookisbn` VALUES ('9787121292286', '一个APP的诞生——从零开始设计你的手机应用', 21.00, 'Carol 炒炒刘焯琛', '电子工业出版社', 1, '现代小说', NULL, '内容介绍： 在移动互联网高度发达的今天，一个个APP，成为我们通向网络世界的窗口。它的诞生流程，令不少对互联网世界产生幻想甚至试图投身其中的年轻人充满了好奇。《一个APP 的诞生》就是这样一步一步拆分一个APP 的诞生过程。从前期市场调研，竞品分析开始，一直到设计规范，界面图标，设计基础，流程管理，开发实现，市场推广，服务设计，甚至跨界融合，都有陈述。《一个APP 的诞生》被定义是一本教科书，工具');
INSERT INTO `bookisbn` VALUES ('9787122250155', '湖畔', 133.00, '(日)东野圭吾', '化学工业出版社', 1, '散文', NULL, '内容介绍：★《白夜行》后东野圭吾对当代社会与家庭最严厉的拷问！★东野圭吾唯一一部以家庭亲情与子女教育为背景的作品★超越《白夜行》的黑暗绝望，挑战人伦道德底线的突破之作！★从小说到同名电影均在日本引起轰动为了孩子的入学考试，四个家庭来到湖边别墅进行考前集训。丈夫的情人尾随而至，却在深夜遇害。妻子坦白：“是我杀的。”丈夫打算报警处理，但邻居们竭力帮助妻子隐瞒罪行，在众人的劝说下丈夫终于加入了毁尸灭迹的');
INSERT INTO `bookisbn` VALUES ('9787125063285', '观察家精选系列：巴尔干五百年+浪漫主义革命+欧洲历史上的战争+现代社会的形成（套装共4册）', 19.00, '(英) 迈克尔·霍华德(英) 玛丽·伊万丝(英) 蒂莫西·C. W(英) 布莱宁马克·马佐尔', '中信出版社', 1, '散文', NULL, '内容介绍：1. 《欧洲历史上的战争》现代欧洲是怎样形成的？如果用战争解释历史，可以说“欧洲的版图是在战争的铁砧上锤出来的。”罗马帝国瓦解以后，欧洲大陆遭到蛮族入侵，在此后长达600年的时间里，欧洲的战争从未停止过。进入中世纪以后，哈布斯堡王朝、法兰克王国与罗马教皇之间的宗教纷争开启了欧洲历史的新阶段。15世纪，随着地理大发现与航海技术的进步，欧洲从大陆转向海洋，西荷英法等国为争夺海上霸权引发了洲际');
INSERT INTO `bookisbn` VALUES ('9787200123944', '第一夫人', 69.00, '(英) 迈克尔·道布斯', '北京出版社', 1, '历史', NULL, '内容介绍：本书是一部有关英国党派间政治斗争的小说。年轻的金妮是反对派议会成员领袖多姆尼克的妻子，两人是大学同学，安妮一向安于主妇生活，在一次偶尔听说了丈夫的出轨丑闻后犹如晴天霹雳，她痛定思痛，认为避免沦为这个体制的永久牺牲品的唯一办法就是成为这个体制的主宰。从此她立志成为第一夫人，不达目的誓不罢休。就这样，金妮不断发现政界的龌龊和隐秘之处，部长大臣、报刊编辑、神职人员，甚至是君王都被她玩于股掌之中');
INSERT INTO `bookisbn` VALUES ('9787201048161', '情书', 87.00, '(日)岩井俊二', '天津人民出版社', 1, '现代小说', NULL, '内容介绍：日本神户，渡边博子在未婚夫藤井树的三周年祭日上又一次陷入到悲痛和思念之中。博子在藤井树的中学同学录里找到了他在小樽市读书时的地址。由于抑制不住对爱人的怀念，博子按着这个地址给远在天国的藤井树寄去了一封充满问候和思念的书信。不可思议的是，不久博子竟然收到了署名为“藤井树”的回信。经过进一步了解，这个藤井树是一个年轻的女子，而且她还曾经是男性藤井树的同班同学，原来是博子从同学录中误抄了她的地');
INSERT INTO `bookisbn` VALUES ('9787203021129', '死亡刻痕', 30.00, '(美)维罗尼卡·罗斯', '天地出版社', 1, '历史/哲学', NULL, '内容介绍：2017年1月17日全球同步出版！继《分歧者》系列现象级全球畅销书（席卷40国狂销3600万册）之后罗斯的全新力作！《纽约时报》《华盛顿邮报》《出版人周刊》盛赞的YA小说，数十国全球同步出版，协力打造出版新奇迹！生命潮涌驱动的星系之中，每个人都拥有自己的天赋赐礼。希亚，残忍的枭狄暴君的妹妹。天赋赐礼给予她疼痛和力量，这被她哥哥所洞悉，胁迫利用以对付其敌手。但希亚并非只是暴君手里的一柄利刃');
INSERT INTO `bookisbn` VALUES ('9787203071229', '了不起的匠人（全20册套装）', 66.00, '知了青年', '天津博集新媒科技有限公司', 1, '现代小说', NULL, '内容介绍：本套装包含 《了不起的匠人1：遇见更好的自己》 《了不起的匠人2：唐卡世家新势力》 《了不起的匠人3：浪人大叔的漆器魂》 《了不起的匠人4：团扇狂人的碎碎念》 《了不起的匠人5：修复破碎的神奇魔法》 《了不起的匠人6：锡伯古弓的铁血与柔情》 《了不起的匠人7：逃离北上广，遇见景德镇》 《了不起的匠人8：富士山下的人形师》 《了不起的匠人9：与火对赌的柴烧狂徒》 《了不起的匠人10：京城铁');
INSERT INTO `bookisbn` VALUES ('9787203098799', '潮来潮去：海关与中国现代性的全球起源', 41.00, '(英) 方德万', '山西人民出版社', 1, '历史', NULL, '内容介绍：近代中国海关始于太平天国运动（1850-1864）期间，1949年共产党在中国赢得政权后未几结束。一个世纪中，它的身影不仅出现在中国的内陆腹地，还出现在远在西北的乌鲁木齐，甚至是西南的喜马拉雅山。无论沿海，还是内陆，海关对于中国而言都是一个重要机构，也是weiyi一个未有中断且势力几乎可达全中国的机构。近代海关之所以重要，在于它所提供的监管加速了中国的国际贸易，以及支持了涵括中国、欧洲、');
INSERT INTO `bookisbn` VALUES ('9787205047702', '写在人生边上', 187.00, '钱钟书', '生活·读书·新知三联书店', 1, '历史/哲学', NULL, NULL);
INSERT INTO `bookisbn` VALUES ('9787208100124', '草房子', 42.00, '曹文轩', '北京少年儿童出版社', 4, '散文', 'https://www.helloimg.com/i/2024/12/03/674f0f309804a.jpg', '《草房子》的故事以乡村孩子桑桑的视角，回忆了他在油麻地六年的小学时光。在这段人生启蒙的宝贵时期里，他所遇到的人、发生的事以及交杂在其中的各种情感纠葛，与同学、亲人之间还有与人生中那些虽然擦肩而过却刻骨铭心的人。有少男少女之间毫无瑕疵的纯情，不幸少年与厄运拼搏的悲怆与优雅，在死亡体验中对生命的深切而优美的领悟，大人们之间扑朔迷离且又充满诗情画意的情感纠葛。');
INSERT INTO `bookisbn` VALUES ('9787208114176', '狼图腾', 20.00, '姜戎', '长江文艺出版社', 5, '现代小说', 'https://www.helloimg.com/i/2024/12/03/674f11f176dd9.jpg', '《狼图腾》主要以插队草原知青陈阵的视角，讲述了20世纪六七十年代内蒙古草原游牧民族的生活以及牧民与草原狼之间的故事。全书由几十个有机连贯的“狼故事”组成。 [3]该书以作者自己的亲身经历、以近乎自传体的叙事视角，领引读者进入狼的活生生的世界。 ');
INSERT INTO `bookisbn` VALUES ('9787208127722', '后革命时代的中国', 153.00, '(美)阿里夫.德里克', '上海人民出版社', 1, '经典小说', NULL, '内容介绍：当下谈论的“中国模式”，只不过是现代化范式的一个本土版本，虽然一再强调自主性，但它一直在跟随美国的脚步，而后者并没有光明的前途可言。——阿里夫·德里克清华国学院“讲学社丛书”第二辑，美国汉学权威、左翼前沿理论家德里克开启“梁启超纪念讲座”面对全球现代性中过剩的历史与 匮乏的未来，对中国知识界百年变革作批判之思——20世纪初以来马克思主义史学、社会学与人类学的“中国化”困境，如何启发社会科');
INSERT INTO `bookisbn` VALUES ('9787208144828', '贝伦与露西恩：精装插图本', 124.00, '(英).R.R. 托尔金(英).克里斯托弗·托尔金(英).艾伦·李', '上海人民出版社', 1, '历史', NULL, '内容介绍：“啊，露西恩，露西恩！　　　　精灵之地*美好的少女，　　　　你的美人类的儿女无法企及，　　　　你的爱拥有多大的力量　　　　竟将你带来恐怖的老巢！　　　　看看这柔软的手足，如云的乌发，　　　　花朵装饰的额头如此白皙，　　　　纤长的双手沐浴着崭新的晨曦！” 他唤她“缇努维尔”，她为他改换了命运——在阿拉贡与阿尔玟之前，曾有贝伦与露西恩。 凡人贝伦与出身不朽的精灵一族的露西恩相爱，然而他们的爱');
INSERT INTO `bookisbn` VALUES ('9787208148553', '未来简史', 150.00, '尤瓦尔·赫拉利', '中信出版社', 1, '散文', 'https://www.helloimg.com/i/2024/12/02/674dcccebf406.png', '《未来简史:从智人到智神》进入21世纪后，曾经长期威胁人类生存、发展的瘟疫、饥荒和战争已经被攻克，智人面临着新的待办议题：永生不老、幸福快乐和成为具有“神性”的人类。在解决这些新问题的过程中，科学技术的发展将颠覆我们很多当下认为无需佐证的“常识”，比如人文主义所推崇的自由意志将面临严峻挑战，机器将会代替人类做出更明智的选择。');
INSERT INTO `bookisbn` VALUES ('9787208154523', '人类简史', 179.00, '尤瓦尔·赫拉利', '中信出版社', 4, '历史', 'https://www.helloimg.com/i/2024/12/02/674dcce076a9f.png', '《人类简史》是2016年九州出版社出版的图书，作者是亚特伍德（笔名）。讲述了人类从无到有全部历程。上起人类起源，下至智能机器，从宇宙大爆炸到人类的未来…');
INSERT INTO `bookisbn` VALUES ('9787210076766', '黑匣子思维我们如何更理性地犯错', 55.00, '(英)马修·萨伊德', '江西人民出版社', 1, '历史', NULL, '内容介绍： “黑匣子思维”是一种记录和审视失败并从中吸取经验的积极态度。无论是开发新产品、提高运动技能还是做出正确决策，黑匣子思想者们从不惧怕面对失败，反而视失败为学习的*途径。他们不会否认过失、推诿责任和想方设法脱身，而会把失败作为样本深入研究，这也是他们获取成功的策略的一部分。“从失败中学习”也许已经成为老生常谈，本书却揭示了这一已知*有效的学习方法背后令人惊叹的事实，也介绍了世界上一些创新力');
INSERT INTO `bookisbn` VALUES ('9787210082972', '如何有效阅读一本书超实用笔记读书法', 110.00, '(日)奥野宣之', '江西人民出版社', 1, '散文', NULL, '内容介绍：对在漫长人生中读过的书而言，人类的记忆力是有限的。如果想在读完每一本书后都有扎实的收获，就需要有技巧地写读书笔记，并养成长期的习惯。传媒业出身的奥野宣之创造的一元化笔记读书法涵盖了从选书、购书、读书、记录到检索以备重读这五个步骤，提供了一整套科学、高效的读书方法。他倡导有目的性地购书，让读书从一开始就充满主动性；用笔记管理读书生活，养成随时记录心得体会的习惯；学会摘抄，让原书精髓与自身思');
INSERT INTO `bookisbn` VALUES ('9787213058882', '爸爸的力量', 182.00, '(美)斯蒂芬·波尔特 (Stephan B. Poulter)', '浙江人民出版社', 1, '历史', NULL, '内容介绍：《爸爸的力量》解析最深刻的父爱影响力！ 15个精心设计的测试，20个真实案例的解析，帮你洞悉“爸爸的力量”，确立自己的教养风格！ 适读人群广泛。名人推荐：《爸爸的力量》每一章节都富有思想，值得每个为人子女或父亲的人一读。波尔特博士讨论了“不可讨论”的话题，在他的论述中，工作、照顾家人以及试图胜过父亲和父亲的期望，这些程式化的行为所伴随的成功、失败、苦恼和自卑等因素被轻轻削去。他强调说');
INSERT INTO `bookisbn` VALUES ('9787213072291', '精要主义：如何应对拥挤不堪的工作与生活', 190.00, '(英) 格雷戈·麦吉沃恩', '浙江人民出版社', 1, '经典小说', NULL, '内容介绍：你是否觉得无情的压力正在碾压生活中的美好？ 你是否经常感到非常疲惫，却未能发挥所能？ 你是否发现自己只擅长做琐碎小事？ 你是否觉得自己总是忙忙碌碌却效率低下？ 你是否觉得自己的时间总是被被人的安排打乱？ 你是否觉得自己一直在奔波，却总是到不了任何 地方？ 如果答案是肯定的，那你需要一种全新的思维方 式来帮忙——精要主义思维方式。它是帮你对抗“我 什么都想要”“我什么都能做”这种不切实际的');
INSERT INTO `bookisbn` VALUES ('9787214058577', '白色巨塔', 16.00, '[日] 山崎丰子', '[日] 山崎丰子', 1, '经典小说', NULL, NULL);
INSERT INTO `bookisbn` VALUES ('9787218103471', '灯下黑1-2', 68.00, '羊行屮', '广东人民出版社', 1, '历史/哲学', NULL, '内容介绍:文身有哪些禁忌？鼓楼为什么会限高？乐山大佛为什么会流泪？东越人为什么要崇拜蛇图腾？　　尸家客栈、白蛇传说、冥婚、情蛊、龙穴、人脸花、桃木钉、凶路、绣花鞋、闯王宝藏、右眼皮跳……《灯下黑》，又名《中国异闻录》，是“悬疑怪才”羊行屮继《泰国异闻录》畅销10万册后的全新作品，讲的是发生在我们身边的异闻、怪事。那些你原本以为天经地义的事，也许并不像你认识的那样……　　“异途行者”南晓楼、月无华再');
INSERT INTO `bookisbn` VALUES ('9787220100338', '大国的崩溃：苏联解体的台前幕后', 93.00, '(美) 沙希利·浦洛基', '四川人民出版社', 1, '历史/哲学', NULL, '内容介绍：1991年苏联的解体无疑是20世纪发生的最重大的事件之一。作者根据最近解密的老布什总统图书馆的绝密档案，包括总统顾问的备忘录和老布什与世界各国领导人的绝密电话记录，重新解读了那段纷繁复杂的历史。本书挑战了关于冷战结束的传统观念，揭示了布什政府试图结束冷战、保全苏联作为其国际舞台上的重要伙伴的复杂游戏。作者着眼于事件中心的四个人物—乔治·布什、米哈伊尔·戈尔巴乔夫、鲍里斯·叶利钦、列昂尼德');
INSERT INTO `bookisbn` VALUES ('9787222155428', '山之四季', 63.00, '[日]高村光太郎', '云南人民出版社', 1, '历史/哲学', NULL, NULL);
INSERT INTO `bookisbn` VALUES ('9787223361835', '冰与火之歌(1-5卷)', 24.00, '(美) 乔治·R·R·马丁', '重庆出版社', 1, '历史', NULL, '内容介绍：《冰与火之歌》（A Song of Ice and Fire）是由美国著名科幻奇幻小说家乔治·R·R·马丁（George R.R. Martin）所著的史诗奇幻小说，是当代奇幻文学一部影响深远的里程碑式的作品。于1996年初问世时，便以别具一格的结构、浩瀚辽阔的视野、错落有致的情节和生动活泼的语言，迅速征服了欧美文坛。迄今，本作已被译为三十多种文字，并在各个国家迭获大奖。作品主要描述了在');
INSERT INTO `bookisbn` VALUES ('9787300018623', '那些路过心上的经典：民国大师经典书系（套装共9册）', 110.00, '沈从文梁实秋张恨水 等', '北京理工大学出版社', 1, '历史/哲学', NULL, '内容介绍：《那些路过心上的经典：民国大师经典书系（套装共9册）》是一套民国大师经典书系，收录数十位风格各异的民国大师的经典作品；民国大师们都有着非凡的经历与成就，令人敬仰，引人好奇；读者能从这套书中看到民国精英们的生活，领略民国时期的独特韵味。作者简介：沈从文（1902年12月28日-1988年5月10日），现代著名作家、历史文物研究家、京派小说代表人物。14岁时，他投身行伍，浪迹湘川黔边境地区。');
INSERT INTO `bookisbn` VALUES ('9787300098623', '中国经济体制改革重大事件(套装上下册)', 88.00, '陈立彭森', '中国人民大学出版社', 1, '现代小说', NULL, '内容介绍：《中国经济体制改革重大事件(套装上下册)》记述了我国改革开放30年来经济体制改革中发生的重大事件，记录了1978至2004年间经济体制改革中重大政策、举措的酝酿、出台、实施过程，客观呈现了经济体制改革的发展脉络。《中国经济体制改革重大事件(套装上下册)》以年份为序，生动翔实地再现了从改革之初农村家庭联产承包责任制的诞生，城市扩大企业经营自主权、逐步放开重要产品价格的改革，到邓小平理论的创');
INSERT INTO `bookisbn` VALUES ('9787300194875', '故事工程', 102.00, '拉里·布鲁克斯', '中国人民大学出版社', 1, '历史/哲学', NULL, NULL);
INSERT INTO `bookisbn` VALUES ('9787301153642', '北大的才女们', 46.00, '郭建荣', '北京大学出版社', 1, '现代小说', NULL, NULL);
INSERT INTO `bookisbn` VALUES ('9787305112867', '地球往事三部曲', 105.00, '刘慈欣', '清华大学出版社', 2, '科幻小说', 'https://www.helloimg.com/i/2024/12/03/674f1d9c2d3d6.jpg', '作品讲述了地球人类文明和三体文明的信息交流、生死搏杀及两个文明在宇宙中的兴衰历程。《三体》的文本叙事在“后人类”的思考上有着重大突破，构建了科学与文学的互动范式，将道德内涵引入对科技的辩证思考中，并以文学手段在文化语境中对科技进行大胆假设和重构，但科技核心只是一个叙事跳板，是完成现实超越的重要媒介，也是人类命运共同体书写的重要工具。《三体》最吸引人的地方在于通过对人类中心主义的解构，继而完成对人与自然、动物之间的伦理反思与文学表达，最终指向去人类中心化的思想内核。');
INSERT INTO `bookisbn` VALUES ('9787307087644', '揭秘服装赚钱的门道（白金版）', 187.00, '服装探秘', '武汉大学出版社', 1, '经典小说', NULL, '内容介绍：揭开服装业界的内幕：既有投机取巧、弄虚作假、龌龊肮脏，亦有创业血泪、草根传奇、商海沉浮。一一掀起品牌服装的盖头；一一借品牌之名行炒货之实；一一炒作高科技多收几个亿；一一加盟连锁骗成千上万创业者上当；一一普通经营者被笑话十做九亏，而创业不到3年的李先生年收入近百万；光明与黑暗交织的服装业界，触目惊心，发人深省。作者几乎每天要面对那些亏了数万数十万的服装经营者(他们对本书相见恨晚)。这份沉重');
INSERT INTO `bookisbn` VALUES ('9787307120143', '武汉大学百年名典：方东美文集', 39.00, '方东美', '武汉大学出版社', 1, '历史', NULL, '');
INSERT INTO `bookisbn` VALUES ('9787308083706', '救猫咪', 193.00, '[美] 布莱克·斯奈德', '[美] 布莱克·斯奈德', 1, '经典小说', NULL, NULL);
INSERT INTO `bookisbn` VALUES ('9787308116268', '历代经济变革得失＋商战：电商时代＋大败局套装版', 80.00, '吴晓波', '中信出版社浙江大学出版社', 1, '散文', NULL, '内容介绍：《历代经济变革得失》是作者近年来研究中国经济变革史的集大成著作，对中国历史上十数次的重大经济变法的种种措施和实践作了系统的概述和比照，指明因革演变，坦陈利害得失，既高屋建瓴地总括了中国式改革的历史脉络，又剖析了隐藏在历代经济变革中的内在逻辑与规律。辩驳得失，以史为鉴，实不失为一部简明的“中国经济史”。这是第一部整体叙述中国商业史的编年体著作。《商战：电商时代》通过对全世界近百位商业大佬的');
INSERT INTO `bookisbn` VALUES ('9787308141895', '看见未来： 改变互联网世界的人们', 190.00, '余晨', '浙江大学出版社', 1, '历史', NULL, '内容介绍：这是互联网群星闪耀的时代，巨人们用最尖端的技术和自成体系的哲学改变着我们的生活，甚至影响了整个世界和人类的历史进程。在这个时代，没有人可以避开互联网的渗透。互联网早已不是简单的技术变革，人们正试图赋予其精神和内涵，以期互联网能更好地为人类所用。　　《看见未来 改变互联网世界的人们》中作者面对面地采访了包括马克·扎克伯格、埃隆·马斯克、杨致远、凯文·凯利、克里斯·安德森、罗伯特·希勒、迈克');
INSERT INTO `bookisbn` VALUES ('9787313103932', '一个人与这个时代：白岩松二十年央视成长记录一个时代变迁备忘 ', 129.00, '邹煜', '上海交通大学出版社', 1, '现代小说', NULL, '内容介绍：从1993年到2013年，这20年的中国电视新闻经历了非同寻常的20年，从电视新闻杂志、直播连线到新闻评论，电视新闻的传播语态发生了颠覆性的变化。作为这20年中国电视新闻变革的亲历者，集记者、主持人、制片人和新闻评论员于一身的白岩松与这个时代紧密地联系在一起。本书是白岩松的20年央视成长记录，通过白岩松讲述这20年里他所亲历的故事、他所关注的新闻和人，来打量、记录他，更重要的是，记录这个');
INSERT INTO `bookisbn` VALUES ('9787503924781', '无影灯', 64.00, '(日)渡边淳一', '文化艺术出版社', 1, '科幻小说', NULL, '内容介绍：【无影灯下，我对你的爱纤毫毕现……】1980年，《遥远的落日》获第14届吉川英治文学奖1986年，《静寂之声》获第48届文艺春秋读者奖2003年，获日本出版大奖菊池宽奖2011年，《天上红莲》获第72届文艺春秋读者奖【渡边淳一“死亡美学”经典代表作】【四度被改编成电视剧】【日本销量突破500万册】医学才子直江庸介意外辞去了大学医院令人羡慕的工作，屈就于东京一家私立医院。因为医术高超、外表');
INSERT INTO `bookisbn` VALUES ('9787503942396', '天局', 115.00, '笑颜', '文化艺术出版社', 1, '历史/哲学', NULL, '内容介绍：做局，骗术，古为千术，早已有之。群起行骗称为蜂，独来独往是马，以女色做饵称燕，买官敛财为雀，这便是蜂、马、燕、雀骗行四大门。民国初年，围绕着传世宝珠的流言，京畿动荡，内外交困。马门祁氏为完成出师的三关，远赴京城为局，却卷入重重迷雾。借花献佛局，九凤破门局，四大骗门乱世而谋，谋的又是怎样一个惊世之谜。作者简介：笑颜，女，现居吉林长春，专业注册会计师，受电影及网路游戏的启发，提笔投入创作，酷');
INSERT INTO `bookisbn` VALUES ('9787504337030', '亨利四世（上下）', 183.00, '(英) 威廉·莎士比亚', '中国广播电视出版社', 1, '科幻小说', NULL, '内容介绍：本全集为英国著名戏剧家莎士比亚作品集，共收录莎士比亚戏剧作品和十四行诗40部。作者简介：威廉·莎士比亚于1564年4月26日在埃文河畔的英格兰小镇斯特拉特福受洗，是富商约翰·莎士比亚和他的妻子玛丽·阿登的第三个孩子。据推测，少年时期的莎士比亚就读过斯特拉特福文法学校，并在那里学习了英语、希腊语和拉丁语。但历史学家不能确定莎士比亚具体的出生日期。1582年，莎士比亚与安妮·哈撤韦结婚。这对');
INSERT INTO `bookisbn` VALUES ('9787504348630', '异人傲世录', 180.00, '明寐', '中国广播电视出版社', 1, '历史/哲学', NULL, '内容介绍：在我们所熟识的星空背后，无尽虚空的深处。存在着我们无法理解的世界。异人傲世录他，一个背负无尽宿命人类灵魂，在这个陌生世界重生。陌生的世界，陌生的魔法。陌生的精灵。陌生的幻兽。陌生的异族。还有……血与火的杀戮和战争，还有那熟悉的……一个满身缺点的人，在一个偶然的机缘里，走进了一个异度空间，在那里跟其他的一些非人类的生物发生了许许多多的故事，书中的世界充满了魔法和想像的生物。在这里，他以初生');
INSERT INTO `bookisbn` VALUES ('9787504481313', '理性的非理性：谁都逃不过的10大心理陷阱', 151.00, '郑毓煌苏丹', '中国商业出版社', 1, '现代小说', NULL, '内容介绍：是什么让苹果的Mac在与微软的PC之争中反败为胜？星巴克咖啡如何风靡全世界？中国联通是怎么制定3G套餐？中国南方航空公司为什么会推出“高端经济舱”？淘宝的光棍节网购为什么会那么疯狂？在《理性的非理性》中，你会发现那些的企业、那些脱颖而出的品牌，无不把全部精力和时间投入到对“人”的了解上。传统经济学认为人都是理性的“经济人”，但现实生活中人们总是做出各种令人匪夷所思的“非理性”决策。这本书');
INSERT INTO `bookisbn` VALUES ('9787505715660', '活着', 14.00, '余华', '作家出版社', 4, '现代小说', 'https://www.helloimg.com/i/2024/12/03/674f1dc84b623.jpg', '《活着》讲述了在大时代背景下，随着内战、三反五反、大跃进、“文化大革命”等社会变革，徐福贵的人生和家庭不断经受着苦难，到了最后所有亲人都先后离他而去，仅剩下年老的他和一头老牛相依为命。小说以普通、平实的故事情节讲述了在急剧变革的时代中福贵的不幸遭遇和坎坷命运，在冷静的笔触中展现了生命的意义和存在的价值，揭示了命运的无奈，与生活的不可捉摸。');
INSERT INTO `bookisbn` VALUES ('9787505731868', '华为还能走多远', 179.00, '余胜海', '中国友谊出版公司', 1, '历史', NULL, '内容介绍：华为用25年时间创造了中国企业发展的奇迹，但由于任正非长期以来的低调，给华为蒙上了一层神秘的面纱。　　《华为还能走多远》通过回顾华为25年来的发展历程，深刻地揭示了华为如何打造自己的核心竞争力，战胜强大的国际竞争对手，以惊人速度发展成为世界500强和全球顶级通信设备制造商的成功之道，讲述了华为成长过程中不为人知的内幕与细节，分析了新形势下华为面临的机遇和挑战，揭开了美国“封杀”华为的背后');
INSERT INTO `bookisbn` VALUES ('9787505736719', '罗辑思维：中国为什么有前途', 81.00, '罗振宇', '中国友谊出版社', 1, '历史/哲学', NULL, '内容介绍：在本书中，作者罗振宇提出：中国为什么有前途。这不是一个政治问题，而是与所有中国人命运攸关的话题。关心每一个活在这个领土上的中国人，对自己未来的成败利钝，要把握住什么样的机会，这个国家会把我们的命运带向何方，这是一个基本的坐标系问题。作者简介：罗振宇人称罗胖，1973年1月生，安徽芜湖人，摩羯座。知识社群《罗辑思维》创始人。主讲的视频脱口秀《罗辑思维》在优酷视频上，每一集平均播放近300万');
INSERT INTO `bookisbn` VALUES ('9787506043267', '中国改革三步走', 48.00, '郑永年', '东方出版社', 1, '科幻小说', NULL, '内容介绍：改革是中国当前最受关注的主题，也是海外最关切的问题。在本书中，作者根据自己这些年来对中国改革的观察，试图理出一个改革的实践逻辑来。改革都有哪些方面？改革的现状如何？面临什么样的问题？改革的未来作如何的选择？这是作者想要说明的问题。作者在书中明确提出了中国改革分为三步走的看法，即中国的改革要经过经济改革，到社会改革，再到政治改革。作者在书中有时也会涉及到一些理论问题，但作者的重点并不在此。');
INSERT INTO `bookisbn` VALUES ('9787506349758', '生命的追问', 177.00, '张海迪', '作家出版社', 1, '历史', NULL, NULL);
INSERT INTO `bookisbn` VALUES ('9787506365437', '解忧杂货店', 161.00, '东野圭吾', '南海出版社', 3, '现代小说', 'https://www.helloimg.com/i/2024/12/03/674f1e07babc9.jpg', '该书讲述了在僻静街道旁的一家杂货店，只要写下烦恼投进店前门卷帘门的投信口，第二天就会在店后的牛奶箱里得到回答：因男友身患绝症，年轻女孩月兔在爱情与梦想间徘徊；松冈克郎为了音乐梦想离家漂泊，却在现实中寸步难行；少年浩介面临家庭巨变，挣扎在亲情与未来的迷茫中……他们将困惑写成信投进杂货店，奇妙的事情随即不断发生。');
INSERT INTO `bookisbn` VALUES ('9787506365439', '亲爱的安德烈', 75.00, '龙应台', '南海出版社', 4, '现代小说', 'https://so1.360tres.com/t012af110ce7ed60e4e.jpg', '《亲爱的安德烈》是龙应台与其子安德烈的通信集，首次出版于2008年12月。 [1-2]\r\n该书是一本以信成册的书籍，共收录36封家书，讲述在安德烈长到18岁以后，龙应台感觉到母子二人渐行渐远，这种陌生的感觉让她很不适应，为了重新建立起母子之间的深厚感情，他们以书信的方式写了3年的专栏，在书信中交流自己的看法和想法，母子二人以这种方式重拾温暖。\r\n');
INSERT INTO `bookisbn` VALUES ('9787506366847', '追风筝的人', 72.00, '卡勒德·胡赛尼', '南海出版社', 4, '现代小说', 'https://www.helloimg.com/i/2024/12/03/674f0c443566b.jpg', '本书讲的故事发生在1975年的阿富汗。阿里父子是\"我\"家的仆人,但阿里与\"我\"爸爸情同手足,\"我\"与哈桑也是亲密无间的伙伴。哈桑对\"我\"无限忠诚,无限爱护,他这样承诺过\"我\":为你,千千万万遍。他也果真是这么做的。\r\n');
INSERT INTO `bookisbn` VALUES ('9787507523614', '地狱的温柔', 125.00, '林和生', '华文出版社', 1, '散文', NULL, NULL);
INSERT INTO `bookisbn` VALUES ('9787507830118', '老子导读', 20.00, '张松辉 编著', '中国国际广播出版社', 1, '散文', NULL, NULL);
INSERT INTO `bookisbn` VALUES ('9787508465739', 'CSS终极参考手册', 93.00, '(美)奥尔森(美)布赖恩', '中国水利水电出版社', 1, '历史/哲学', NULL, '内容介绍:CSS是层迭样式表的简称，通过它可控制网页样式并允许将样式信息与网页内容分离。《CSS终极参考手册》是CSS的最佳参考书籍，共18章，主要介绍了CSS的作用、一般语法和术语、@规则、选择符、层迭与特性以及继承、CSS布局和格式化、各种CSS属性、HTML和XHTML之间的差异，以及规避方法、过滤器和各种技巧。《CSS终极参考手册》从软件开发设计的角度出发，按照面向对象的程序设计思想，详细');
INSERT INTO `bookisbn` VALUES ('9787508617527', '必要的革命：可持续发展型社会的创建与实践', 16.00, '(美)彼得·圣吉', '中信出版社', 1, '经典小说', NULL, '内容介绍：当今世界的组织机构正在经历一场革命。正如这本《第五项修炼》的接力之作所揭示的，世界各地的许多公司都正在引领大胆的变革。为创建一个繁荣和可持续的世界，它们正在从维持“一如往常”发展路径的手段和伎俩的死胡同里跳出来，转向根本变革的战略和策略。它们要走的路还很长，但回避和否认现实的阶段已经结束。今天，最具创新精神的领导者已认识到，为了企业的未来，也为了世界的未来，必须对我们的生活和工作方式进行');
INSERT INTO `bookisbn` VALUES ('9787508624471', '海龟交易法则（珍藏版）', 171.00, '(美)费思', '中信出版社', 1, '历史', NULL, '内容介绍：第一部分 人际关系为什么如此重要第一章 情绪的力量当其他人向我们宣泄不良情绪，比如说朝我们发火、威胁我们或表现出厌恶和轻蔑时，也会诱导我们产生同样的不良情绪。他们的行为会强烈影响我们的神经系统，也就是说，情绪是具有传染性的。就像感染鼻病毒一样，我们也会感染激动的情绪。而且，就像感染鼻病毒会导致感冒一样，感染激动的情绪会影响我们的后续行为。与他人的每一次交往都会对我们的情绪产生影响。根据实');
INSERT INTO `bookisbn` VALUES ('9787508624891', '创业的现实', 37.00, '(美) 盖伊·川崎', '中信出版社', 1, '散文', NULL, '内容介绍：《创业的现实:另类创业百科》内容包括：创业初期的现实、艰难的创业初期、创业初期的幕后故事、企业内创业的艺术、商品化的艺术、傻瓜都能懂的宗旨、募集资金的现实、投资者的愿望、如何引起投资者注意、行动纲领的艺术、进行推销的10／20／30原则、风险投资家的10大谎言、创业者的11大谎言、募集天使资本的艺术、风险投资法律常识、律师的16大谎言……作者简介：盖伊·川崎（Guy Kawasaki），');
INSERT INTO `bookisbn` VALUES ('9787508627366', '“中国模式”到底有多独特？', 44.00, '黄亚生', '中信出版社', 1, '历史', NULL, '内容介绍：在30年举世瞩目的增长之后，中国经济已然成为世界舞台不可或缺的角色。究竟有没有一个不同于其他国家的“中国模式”？通过“大政府+宏观调控”是否能够走出一条推动经济持续发展的“有中国特色的新路”？在本书中，黄亚生教授通过中印对比，通过中国与拉美经济的腾飞过程、城市化进程的比较，雄辩地证明了一个观点：并不存在所谓的“中国模式”。 到目前为止，中国的经济增长并没有脱离一般的经济发展规律，其成功经');
INSERT INTO `bookisbn` VALUES ('9787508628707', '抉择时刻：乔治·沃克·布什自传', 97.00, '(美) 布什', '中信出版社', 1, '历史', NULL, '内容介绍：《抉择时刻：乔治·沃克·布什自传（精装本）》是一部具有开创性的、令人耳目一新的总统回忆录，从没有一本国家领导人的自传写得如此诚恳，它将令支持者动容，令批评者惊诧，它将改变世人对美国历史这不平凡的8年及对乔治·沃克·布什本人的看法。　　在这部坦诚率直的自传中，乔治·沃克·布什总统并没有按时间顺序写自己的人生历程，而是别出心裁，挑选了决定其总统生涯和个人生活的14个重大决策，详述了每个重大决');
INSERT INTO `bookisbn` VALUES ('9787508639291', '国家为什么会崩溃', 153.00, '(美)希夫', '中信出版社', 1, '现代小说', NULL, '内容介绍：作为准确预见了2008年金融危机的经济学家，在这本书中，《纽约时报》*畅销书作者彼得希夫以极具说服力和挑战性的言辞阐述了美国是如何陷入泥潭的，以及怎样才能逃出这个泥潭。　　希夫告诉我们，美国正在变成一个由吹起来的大泡沫，一个在残酷的现实面前行将破裂的泡沫……美国经济乃至我们每个人，都将面对灾难性结局。希夫指出，当数十亿美元刺激性资金注入已没有造血功能的经济体时，只会造就一个更深不可测的陷');
INSERT INTO `bookisbn` VALUES ('9787508642444', '中国领先一把：第三次工业革命在中国', 86.00, '李河君', '中信出版', 1, '现代小说', NULL, '内容介绍：《中国领先一把：第三次工业革命在中国》是一本探索中国如何通过光伏革命，破解能源瓶颈、实现可持续发展、最终和平崛起的书。　　2012年，中国原油对外依存度超过50%，能源安全与能源独立堪忧：中国与世界的联系更加紧密，关系更加复杂，不稳定性因素和风险也将增加，爆发冲突的可能性加大。　　2013年初，中国遭遇雾霾袭击，北京及华北地区多处城市PM2.5浓度“爆表”，中国面临空前的环境压力：这不仅');
INSERT INTO `bookisbn` VALUES ('9787508643656', '读懂中国改革（1-4册）', 151.00, '厉以宁林毅夫周其仁', '中信出版社', 1, '科幻小说', NULL, '内容介绍：十八大之后，尤其是三中全会以来，人人热议改革、争论热点，却未必明确这些改革热点包含着什么样的内涵与变局。而我们的前途，却取决于时下和未来的这些改革举措。为了更好地出发，我们有必要回望、梳理和预测。汇聚国内一流经济学家和精英学者，厉以宁、吴敬琏、林毅夫、周其仁、张维迎、郑永年、华生、陈志武、孙立平……聚焦中国目前的改革开放和新一轮的路径与战略，对三中全会之后中国改革这一宏大话题进行全方位的');
INSERT INTO `bookisbn` VALUES ('9787508643731', '帝国的年代：1875～1914', 105.00, '(英) 艾瑞克·霍布斯鲍姆', '中信出版社', 1, '经典小说', NULL, '内容介绍：《帝国的年代：1875～1914》是《霍布斯鲍姆年代四部曲》的第3部。《霍布斯鲍姆年代四部曲》（套装共4册）是公认的“现代世界史的最佳入门读物”，史学大师艾瑞克·霍布斯鲍姆历30余年而成的心血巨著，全面展现了从1789年至1991年的世界历史。已翻译成40多种语言，累计销量突破500万册，成为全球持续畅销的历史杰作。中文版最新修订出版，英国前首相布莱尔、巴西前总统卢拉、意大利总统纳波利塔');
INSERT INTO `bookisbn` VALUES ('9787508646534', '激荡三十年：中国企业1978-2008(纪念版)(套装上下册)', 63.00, '吴晓波', '中信出版社', 1, '经典小说', NULL, '内容介绍：《激荡三十年：中国企业1978-2008》讲述了近30年来中国向世界经济大国的跃升，无疑是现代世界史上最重要的事件之一。中国崛起这一宏大叙事，是由千百万普通人各不相同的创业故事集合而成的。虽然人们对于这些故事的阐释差别甚大，但是我深信，让作家根据自己的所见所闻把这些故事记述下来，由大众去加以解读和评论，对我们总结过去和规划未来有着极大的价值。 　《激荡三十年：中国企业1978-2008》');
INSERT INTO `bookisbn` VALUES ('9787508646756', '中国巨债：经济奇迹的根源与未来', 181.00, '刘海影', '中信出版社', 1, '历史/哲学', NULL, '内容介绍：增长一直受到很多国家的艳羡，同时也令其他新兴市场经济体立志效仿。中国宏观数据表现靓丽，为什么每个个人却感觉举步维艰？因为大量投资被浪费了。地方政府与国企软约束体制下，债务膨胀与产能过剩互为镜像上升，如癌细胞般蔓延，注定难以长期维持。现在，钟声已经响起。 本书认为，目前的中国经济隐藏了巨大的金融风险。体制性因素导致过多投资，过多投资导致过剩产能，过剩产能受到巨大的债务杠杆的支撑，但却难以长');
INSERT INTO `bookisbn` VALUES ('9787508649221', '小岛经济学：鱼、美元和经济的故事', 136.00, '(美)彼得·希夫(美) 安德鲁·希夫', '中信出版集团', 1, '科幻小说', NULL, '内容介绍：你一定非常想知道：　　通货膨胀到底是怎么来的？　　为什么中国要购买那么多的美国国债？　　扭转恶化的经济状况是该花钱，还是存钱？　　为什么有些国家很富有，而另外一些国家却很穷？　　席卷全球的经济危机又是怎么发生的？　　如何对经济领域的各种现象进行专业而又生动的分析，是一项艰巨的任务。如何让上至90岁下至9岁的读者都能通过一本书洞悉日常生活现象背后的经济规律，更是一项几乎不可能完成的任务。《');
INSERT INTO `bookisbn` VALUES ('9787508649351', '联盟：互联网时代人才变革', 128.00, '(美)里德·霍夫曼(美) 本·卡斯诺查(美) 克里斯·叶', '中信出版社', 1, '科幻小说', NULL, '内容介绍：在充满变化的世界，联盟潜在的合伙人　　将不确定的行业转变为可掌控的职业生涯　　与世界紧密连接，开创精彩的事业与未来　　终生效忠于一家公司已经成为历史，我们正在经历的自由雇佣制——将员工看作自由人——无法建立创新所需的高度信任与合作的关系。　　互联网时代，企业如何用全新的人才策略定义员工的忠诚？未来职业成功的秘诀是什么？　　《联盟：互联网时代的人才变革》提供了一种使雇主与员工之间从商业交易');
INSERT INTO `bookisbn` VALUES ('9787508652630', '慢慢来，一切都来得及', 29.00, '特立独行的猫', '北京联合出版公司', 5, '现代小说', 'https://www.helloimg.com/i/2024/12/02/674dcd0992413.png', '“独自在城市中努力的奋斗着”。她把自己这些情况都写下来，涉及到“开始爱好者”，空有梦想，不付诸行动、拖延症、注意力涣散症、负面情绪、缺乏运动，身体亚健康等等，分享有效、有趣的解决方法。她和大家一起，练习“把心慢下来，让行动快起来”。');
INSERT INTO `bookisbn` VALUES ('9787508653976', '集中营的舞者', 134.00, '(荷兰) 保罗·格拉泽', '中信出版社', 1, '经典小说', NULL, '内容介绍：保罗不知道自己家族的犹太身世，与亲戚也很少走动，偶然走访了奥斯威辛集中营的博物馆，竟在一只皮箱的名牌上看见姑姑罗茜·格拉泽的名字，他耗费多年收集大量资料，终于揭开了一段家族隐秘往事：二战爆发之前，罗茜·格拉泽是一位国际知名的舞蹈老师，她年轻美貌，舞艺非凡，人生原本前途无限，却在德军占领荷兰期间，惨遭丈夫出卖，和当时许多犹太人一样，被纳粹党卫军送进了集中营。年轻的罗茜在大战期间一共经历了七');
INSERT INTO `bookisbn` VALUES ('9787508655192', '读懂中国制造2025', 193.00, '吴晓波朱克力', '中信出版社', 1, '经典小说', NULL, '内容介绍：全球产业竞争格局正在发生重大调整，我国在新一轮发展中面临巨大挑战。面对发达国家纷纷实施“再工业化”战略和一些发展中国家的加快谋划布局，我国制造业面临“双向挤压”的严峻挑战，必须放眼全球，加紧战略部署，着眼建设制造强国。本书分为上下两篇共七章，从背景介绍到未来展望，从困局到救赎，从“中国制造”到“中国智造”，从引领“互联网+”到赶超“工业4.0”，全方位多角度地收录了来自经济学家、权威媒体');
INSERT INTO `bookisbn` VALUES ('9787508655659', '从零开始做运营', 173.00, '张亮', '中信出版社', 1, '现代小说', NULL, '内容介绍：运营是什么？怎样做运营？产品和运营是什么关系？我是否适合从事互联网运营？为什么我做的运营活动收效甚微？在互联网大热的今天，互联网运营成为一个越来越重要的岗位，事关网站、产品的发展与存亡。很多年轻人带着对互联网的热情投身到这个行业，却发现自己对这个行业所知甚少，对互联网运营更加陌生，甚至有一些有志于从事互联网运营的人，因为对运营缺乏了解而难以确定自己的职业发展方向。本书的出发点就在于此，它');
INSERT INTO `bookisbn` VALUES ('9787508656663', '小说课（壹）', 86.00, '许荣哲', '中信出版社', 1, '散文', NULL, NULL);
INSERT INTO `bookisbn` VALUES ('9787508658346', '二手时间', 90.00, '(俄罗斯)S·A·阿列克谢耶维奇', '中信出版社', 1, '现代小说', NULL, '内容介绍：2015年度诺贝尔文学奖得主阿列克谢耶维奇最具分量的作品发表后荣获德国书业和平奖（2013）、法国美第契散文奖（2013）、俄罗斯「大书奖」读者票选最佳文学作品（2014）、波兰卡普钦斯基报告文学奖（2015）本书是白俄罗斯著名作家阿列克谢耶维奇最新作品，通过口述采访的形式，展现身处关键历史时刻的普通人的生活。本书讲述了苏联解体后，1991年到2012年二十年间的痛苦的社会转型中，俄罗斯');
INSERT INTO `bookisbn` VALUES ('9787508661438', '超级版图：全球供应链、超级城市与新商业文明的崛起', 182.00, '(美)帕拉格·康纳(Parag Khanna)', '中信出版社', 1, '经典小说', NULL, '内容介绍：全球化并未进入深水区，与之相反，全球化正在进入超级全球化阶段，一幅全世界范围内互联互通的超级版图正在形成。何谓互联？传统的国界线表示国与国的隔离，强调本国的国土主权，限制人员、资本、资源、技术的流动，而在互联时代，国家必须选择与其他国家、其他区域连接，连接的力量远远大于政治和军事的力量。如何实现连接？通过修建基础设施，打造供应链，实现资源、生产、服务、消费的连接。21世纪，本质上是一场争');
INSERT INTO `bookisbn` VALUES ('9787508662091', '大势研判：经济、政策与资本市场', 62.00, '任泽平', '中信出版社', 1, '现代小说', NULL, '内容介绍：当前中国经济非常大的宏观背景是增速换挡、结构调整和改革转型。《大势研判：经济、政策与资本市场》试图采用“转型宏观”分析框架，打通长期与短期、总量与结构、国际与国内、经济与政策、实体与货币、宏观与策略等重大环节，分析经济增长与产业升级、周期波动和行业轮动之间的关系；通过研究国际上历次股灾的原因、救市、大类资产表现和投资策略，预测股市、债市、房市、大宗商品等大类资产的趋势和拐点；探寻中国资本');
INSERT INTO `bookisbn` VALUES ('9787508663845', '99% 的人一看就会的理财书', 134.00, '(美)卡尔•理查兹(Carl Richards)', '中信出版社', 1, '历史/哲学', NULL, '内容简介：制定“理财计划”太烦人啦！各种理论、公式、算法、数字……大多数理财书籍、杂志和网站提供了一长串选择，让人们晕头转向，看完之后依然迷惑无助，并不确切知道自己应该怎样投资。如果告诉你，理财计划只需要一页纸，哪怕是一张餐巾纸，你会不会觉得理财像是儿戏？然而，美国著名理财顾问卡尔·理查兹根据自己20年的理财顾问经验，通过本书告诉你，理财就是这么简单！《99%的人一看就会的理财书》通过简单的经验规');
INSERT INTO `bookisbn` VALUES ('9787508670188', '巴尔干五百年：从拜占庭帝国灭亡到21世纪', 92.00, '(英)马克·马佐尔', '中信出版社', 1, '经典小说', NULL, '内容介绍：由于巴尔干地区特殊的地理位置，历史上这里发生过的战争与艰辛，比我们所知的还要多。但是，单单把巴尔干当作“欧洲火药桶”、麻烦的策源地，这是不公平的。在刘会梁译的《巴尔干五百年(从拜占庭帝国灭亡到21世纪)(精)》中，作者马克·马佐尔对巴尔干各民族怀着深刻的同情，介绍了他们悠久的历史和文化传统，讲解了这里的山川河流、宗教信仰以及四面八方野心勃勃的列强，怎样深刻影响了巴尔干历史面貌与社会万象。');
INSERT INTO `bookisbn` VALUES ('9787508673547', '小米生态链战地笔记', 51.00, '小米生态链谷仓学院', '中信出版社', 1, '现代小说', NULL, '内容介绍：2013年下半年，小米开始做一件事，就是打造一个生态链布局IoT（物联网）；2016年年底，小米生态链上已经拥有了77家企业，生态链企业整体销售额突破100亿元。这3年，是小米生态链快速奔跑的3年，也是小米在商场中不断厮杀着成长的3年。3年，77家生态链企业，16家年销售额破亿，4家独角兽公司，边实战，边积累经验。小米生态链是一个基于企业生态的智能硬件孵化器。过去的3年中，在毫无先例可循');
INSERT INTO `bookisbn` VALUES ('9787508673868', '坚毅：释放激情与坚持的力量', 156.00, '(美) 安杰拉·达克沃思', '中信出版社', 1, '散文', NULL, '内容介绍：很多人认为，成功的要素在于智商与情商。但宾夕法尼亚大学心理学副教授安杰拉•达克沃思通过研究发现，坚毅的品质对成功起到了关键性的作用。 达克沃思教授从2007年开始对“坚毅”（GRIT）进行研究，她的研究成果已发布在美国各大学术杂志上。她认为，坚毅比天赋更能预测一个人未来的表现。在遇到挫折、失败时，仍能坚持不懈地朝着自己的目标努力，这才是决定长期成功的因素。 本书基于大量研究案例，同时也引');
INSERT INTO `bookisbn` VALUES ('9787508675121', '发现的时代：21 世纪风险指南', 47.00, '(南非) 伊恩·戈尔丁(加)克里斯·柯塔纳', '中信出版社', 1, '现代小说', NULL, '内容介绍：《发现的时代：21世纪风险指南》旨在探索新文艺复兴时代世界的边界，并为我们提出了这些问题：我们是如何更加广泛地分享了这*的发展进程所带来的好处？而我们又是怎样承受着不断累积的变化所产生的不可避免的震荡？我们每个人又如何才能在这相互缠绕的不确定时代中取得成功？从健康、教育、财富和科学技术领域的斩获，到冲突、疾病和大规模移民带来的危机，现在这个世界和14—17世纪的世界之间的相似之处已十分明');
INSERT INTO `bookisbn` VALUES ('9787508675220', '帝国的背影：土耳其简史+哈布斯堡王朝（套装共2册）', 138.00, '(荷) 彼得·贾德森(Pieter M. Judson)', '中信出版集团', 1, '经典小说', NULL, '内容介绍：2017年4月16日，土耳其修宪公投结束，全民同意改总理制为总统制，给予总统更大权力，引发世界哗然。一个国家的宪法改革为何牵动全球？土耳其的政局变动对世界政治又有何影响？著名历史学家诺曼·斯通从1000年前写起，讲述土耳其的沧桑往事，寥寥数笔从11世纪安纳托利亚地区的塞尔柱人写到21世纪申请加入欧盟的土耳其，从奥斯曼土耳其帝国写到土耳其共和国，更对“一战”后的土耳其因东西方、宗教、传统和');
INSERT INTO `bookisbn` VALUES ('9787508677613', '东京一年', 160.00, '蒋方舟', '中信出版社', 1, '科幻小说', NULL, '内容介绍：“二O一六年，我独自一人在东京生活了一年，东京也拯救了我。”受日本国际交流基金会之邀，蒋方舟在东京独居了一年。她越来越喜欢写漫长的日记，觉得孤独地生活一辈子也不是坏事。日记共有四十六则，收录了她最新的短篇小说、演讲和时评，驳杂不失纯粹。从社会、艺术到当今中日两国世间百态，都有其独特又不失严肃的描摹与思考。同时，这也是一本病历，记录了一个人要活成本来面目所需付出的努力。“就像在东京度过的一');
INSERT INTO `bookisbn` VALUES ('9787508682866', '皮囊', 186.00, '蔡崇达', '北京联合出版公司', 3, '现代小说', 'https://www.helloimg.com/i/2024/12/03/674f10e884b1d.jpg', '该书讲述一个名叫东石的福建渔业小镇的风土人情和时代变迁，记录了作者与故乡、家人、好友之间温情而又残酷的故事。作者虽以苦难为题材，但却是以超越困难、寻找与苦难和解、救赎心灵的方式来立意，整体基调虽忧伤但不颓废，文本中散发出一种明朗向上的精神力量。');
INSERT INTO `bookisbn` VALUES ('9787510404085', '窥见上帝秘密的人', 59.00, '约翰·D·洛克菲勒', '新世界出版社', 1, '历史', NULL, NULL);
INSERT INTO `bookisbn` VALUES ('9787510851964', '花道日常', 106.00, '陈鹳潼', '九州出版社', 1, '散文', NULL, '内容介绍：在地球的呼吸中我们遇见了植物在四季中的变化，一年又一年周而复始，懂得运用自然智慧，顺应自然规律的中国人对二十四节气的分理，是对地球万物的崇礼。本书便是以二十四节气为主要线索，通过古老的花道流派——池坊花道，分四季当季植物插花方法和关于植物的历史风情，将人们的美化生活之心带入到当下，带领人们体悟自然之道。作者简介：陈鹳潼，2005年毕业于中央美术学院，从事摄影与艺术创作，作品在各大艺术机构');
INSERT INTO `bookisbn` VALUES ('9787511335937', '失落的优雅', 156.00, '阮义忠', '中国华侨出版社', 1, '历史', NULL, NULL);
INSERT INTO `bookisbn` VALUES ('9787511358295', '“互联网+”网络营销推广实战宝典', 68.00, '陶红亮', '中国华侨出版社', 1, '科幻小说', NULL, '内容介绍：《“互联网+”网络营销推广实战宝典》选取了多个网络营销实战案例，力图深入浅出，将繁琐的专业知识化繁为简，方便阅读，希望读者能够从中发现适合自己的营销方法。《“互联网+”网络营销推广实战宝典》是一本介绍互联网+网络营销推广实战相关知识的书籍，书中大量讲述了网络营销推广的各种方法，不仅全面，而且还非常实用，书中收集了众多经典案例，通过对案例的再现、分析，能进一步阐述主题内容，让人更加清晰，对');
INSERT INTO `bookisbn` VALUES ('9787511360229', '华为工作法', 55.00, '黄继伟', '中国华侨出版社', 1, '历史', NULL, '内容介绍：二十余年间，华为从一个作坊式小企业成为全球知名企业，靠的正是它不断坚持的核心价值观和秘而不传的工作方法。为什么华为的工作效率很高？为什么华为员工的执行力如此强？华为核心竞争力是什么，依靠什么来获得发展？为什么你努力工作却收效甚微？为什么工作总是越做越忙，越忙越乱？为什么工作中的错误总是越做越多？为什么公司的业绩始终不见起色？为什么管理得很严格，却总是难以起到应有的效果？读完这本书，您将豁');
INSERT INTO `bookisbn` VALUES ('9787511709851', '佛教生死学', 62.00, '陈兵', '中央编译出版社', 1, '经典小说', NULL, '');
INSERT INTO `bookisbn` VALUES ('9787512505407', '大乘止观述记', 134.00, '谛闲法师', '北京国际文化出版公司', 1, '科幻小说', NULL, '');
INSERT INTO `bookisbn` VALUES ('9787513300360', '八百万种死法 ', 93.00, '(美)劳伦斯·布洛克', '新星出版社', 1, '经典小说', NULL, NULL);
INSERT INTO `bookisbn` VALUES ('9787513309172', '诺贝尔文学奖作品典藏书系全集（共31册）', 54.00, '(比)M. 梅特林克', '新星出版社', 1, '历史', NULL, '内容介绍：《诺贝尔文学奖作品典藏书系全集(套装共31册)》包括：《翅膀的痕迹》《老人与海》《花的智慧》《阿恩》《我弥留之际》《明娜》《小毛驴与我》《夏夜里的人们》《荒原狼》《尼尔斯骑鹅旅行记（上、下）》《凯尔特的薄暮》《哈尼娅》《圣女贞德》《喜剧演员》《大地的成长》《大街（上、下）》《母亲》《鼠疫》《花环》《米嘉之恋》《丛林之书》《人生的意义与价值》《违背道德的人》《创造进化论》《苔依丝》《在天堂');
INSERT INTO `bookisbn` VALUES ('9787513313087', '大英博物馆世界简史（全3册）', 172.00, '(英) 尼尔·麦格雷戈', '新星出版社', 1, '科幻小说', NULL, '内容介绍：◎ 从大英博物馆800万件馆藏中精选100件藏品 / 讲述人类200万年历史◎ 大英博物馆、英国国家广播公司（BBC） 联手打造◎ 大英博物馆馆长尼尔•麦格雷戈亲自撰写 / 历时4年，动员100多名馆员，400余位专家参与◎ 以广播形式在BBC播出时，创下1100万人口同时收听的纪录◎ 全世界只有大英博物馆才能办到的世界史撰写计划，人类史上空前绝后的巨献。——《纽约时报》《大英博物馆世界');
INSERT INTO `bookisbn` VALUES ('9787513317803', '岛上书店', 117.00, '加布瑞埃拉·泽文', '北京联合出版公司', 2, '现代小说', 'https://www.helloimg.com/i/2024/12/03/674f126a72f8f.jpeg', '岛上书店是间维多利亚风格的小屋，门廊上挂着褪色的招牌，上面写着：没有谁是一座孤岛，每本书都是一个世界。A.J.费克里，人近中年，在一座与世隔绝的小岛上，经营一家书店。命运从未眷顾过他，爱妻去世，书店危机，就连值钱的宝贝也遭窃。他的人生陷入僵局，他的内心沦为荒岛。就在此时，一个神秘的包袱出现在书店中，意外地拯救了陷于孤独绝境中的他。小岛上的几个生命紧紧相依，走出了人生的困境，而所有对书和生活的热爱都周而复始，愈加汹涌。');
INSERT INTO `bookisbn` VALUES ('9787513326966', '当我谈跑步时我谈些什么', 60.00, '村上春树', '南海出版社', 2, '散文', 'https://www.helloimg.com/i/2024/12/02/674dcd0266639.png', '《当我谈跑步时我谈些什么》是村上春树第一本只写自己的书，讲的是一个人怎么样通过跑步去悟道的感觉，不只是悟出一个小说家的真实，锻炼出一个小说家的身体、精神和意志，还锻炼出一个人之所以为人的境界.');
INSERT INTO `bookisbn` VALUES ('9787513904797', '新常态改变中国：首席经济学家谈大趋势', 127.00, '胡舒立吴敬琏厉以宁周其仁许小年', '民主与建设出版社', 1, '科幻小说', NULL, '内容介绍：中国经济进入新常态，增长速度换挡、结构调整阵痛、前期刺激政策消化的“三期迭加”现象明显，经济趋势从未如今天这般扑朔迷离。针对这一情况，国内学者，根据自己多年的思考、调研，为我们在下一个时期顺势而为，获取经济红利，用智慧跑赢经济下行压力，给出了极具针对性的分析、建议。 作者简介：胡舒立，现任财新传媒总编辑。2009年和2010年，她两度被美国《外交政策》杂志评为“世界百名思想者”之一。20');
INSERT INTO `bookisbn` VALUES ('9787513906340', '微信、微博这样玩才赚钱', 68.00, '安杰', '民主与建设出版社', 1, '历史/哲学', NULL, '内容简介：一个属于移动互联网的全新时代开始了，人们的目光已经从液晶屏转移到了手机上，浏览、分享不再受到时间、空间的限制：分享到朋友圈、扫码加关注、推送、刷微博、加V、加粉……微信、微博中蕴含着巨大的商机，谁能抓住这个机会，谁就能快速获得成功。《微信、微博这样玩才赚钱》中，我们将与读者分享全新的微信、微博赚钱技法：企业和个人如何应用微信、微博做精准营销；如何通过“微推广”快速增加品牌知名度和客户量；');
INSERT INTO `bookisbn` VALUES ('9787514315462', '犯罪心理档案(共4册)', 136.00, '刚雪印', '北京现代出版社', 1, '现代小说', NULL, '内容介绍：《犯罪心理档案》是一部囊括了几乎所有犯罪元素的惊心之书：碎尸悬案、虐童恶魔、地狱来电、废墓遗尸、杀人魔咒……每一起凶案都让人头皮发麻，真凶一直藏在我们身边，与我们同眠共餐。善与恶的殊死角逐背后，充满着绝望、怨恨、嫉妒、贪婪、傲慢、色欲、禁恋。公安厅最隐秘最不可告人的档案完全揭露，你将深入一线的犯罪现场，直面最令人恐惧、最沉重难解的人性之恶！一连串神秘莫测的死亡，一系列最诡异的犯罪手法。人');
INSERT INTO `bookisbn` VALUES ('9787514336856', '房龙手绘图画珍藏本（全20册） ', 89.00, '(美) 亨德里克·威廉', '现代出版社', 1, '历史/哲学', NULL, '内容介绍：★畅销百年的人文经典，1000多幅房龙亲笔手绘图画，带来新鲜、畅快的阅读感受！★青少年成长经典读本：青少年学生成长必读，家庭教育必备！★有史以来超畅销的人文地理杰作，地球上有人类的地方都在读房龙！房龙手绘图画珍藏本（全20册）汇集梳理了房龙最为经典风靡世界的作品，房龙以深厚的底蕴、独特的思想和睿智的文风侃侃而谈，从4000年前的古埃及到l9世纪的现代派，用轻巧俏皮的文字撰写历史、文化、文');
INSERT INTO `bookisbn` VALUES ('9787514347692', '行为心理学：一个伟大心理学家的思想精华', 24.00, '(美) 华生', '现代出版社', 1, '散文', NULL, '内容介绍：本书是美国心理学会主席约翰·华生的经典名著。行为心理学是美国现代心理学的主要流派之一，也是对西方心理学影响zui大的流派之一。它诞生于20世纪初的美国，诞生的意义是针对冯特学派理论的缺陷而进行的一场心理学革命。行为心理学一反传统心理学采用内省的方法，研究飘忽不定、转瞬即逝的“意识”的研究方向，主张研究能够直接反应人意识的，看得见、摸得着的一些特征，即对人的行为本身进行研究，因而影响深刻。');
INSERT INTO `bookisbn` VALUES ('9787514350418', '约瑟芬.铁伊推理全集（全8册）', 33.00, '(英)约瑟芬·铁伊', '现代出版社', 1, '经典小说', NULL, '内容介绍：《时间的女儿》一部独一无二的历史推理小说，甚至很“不像”一本推理小说。小说中所谓的案件是英国历史上一宗家喻户晓的故事：理查三世为了篡取王位，谋杀了囚禁在伦敦塔上的两个小王子。“罪行”令人发指，更令人深思。但是病床上的格兰特探长却根据他缜密的推理，一举推翻了流传四百年之久的历史定论，并告诉我们：事情的真相未必就是你听来或看来的那样！《一先令蜡烛》清晨的海滩上横陈着一具女人的尸体，死者染了头');
INSERT INTO `bookisbn` VALUES ('9787515309712', 'FASHION ILLUSTRATION WORKS-惊艳全球的时尚插画设计', 84.00, '(日)平泽伸洋', '中国青年出版社', 1, '现代小说', NULL, '内容介绍：《惊艳全球的时尚插画设计》以18个精彩案例完美展示了作者的个人时尚插画绘制与设计的经验和技法，其中作者又分别以BASICWORKS、ADVANCEDWORKS和SPECIALWORKS这3个阶段来安排这独具风格的18个案例，将Photoshop和Illustrator的知识融于其中，实例安排合理、循序渐进，使读者在欣赏和学习这些精美案例的同时，更便于理解和掌握。编辑推荐：本书由国际知名设');
INSERT INTO `bookisbn` VALUES ('9787515504759', '净土决疑论讲记 ', 120.00, '印光法师 著释传印 讲记', '金城出版社', 1, '现代小说', NULL, NULL);
INSERT INTO `bookisbn` VALUES ('9787516412794', '网红经济：移动互联网时代的千亿红利市场', 150.00, '袁国宝谢利明', '企业管理出版社', 1, '经典小说', NULL, '内容介绍：移动互联网以迅雷不及掩耳之势颠覆着我们的生活，随着自媒体、网红、短视频等新生代的崛起，衍生于互联网的新事物不断涌现，并开始深刻地影响着我们的生活，强调个性化的网红经济正在成为互联网产业又一发展方向。网红经济的爆发是传统企业的巨大机会，网红的品牌和流量将助力传统企业快速高效地转型升级，能否抓住网红经济的千亿红利市场，将是考量传统企业能否在一个更高的维度上实现互联网转型的关键要素。本书从网红');
INSERT INTO `bookisbn` VALUES ('9787532135374', '偷影子的人', 190.00, '马克·李维', '湖南文艺出版社', 4, '现代小说', 'https://www.helloimg.com/i/2024/12/02/674dcd11382be.png', '《偷影子的人》讲述的是一个小男孩拥有“偷别人影子”的超能力，可以听见人们心中不愿说出口的秘密，于是他借助这种特殊能力去帮助别人，为每一个偷来的影子找到点亮生命的光芒。');
INSERT INTO `bookisbn` VALUES ('9787532745791', '百年孤独', 110.00, '加西亚·马尔克斯', '上海译文出版社', 5, '经典小说', 'https://www.helloimg.com/i/2024/12/03/674f0a8f48bd5.png', '本书通过布恩蒂亚一家7代人在小镇马孔多创建、发展和毁灭过程中的遭遇,反映了拉丁美洲近百年的兴衰。');
INSERT INTO `bookisbn` VALUES ('9787532745793', '海边的卡夫卡', 159.00, '村上春树', '上海译文出版社', 4, '现代小说', 'https://www.helloimg.com/i/2024/12/03/674f0c2588d95.jpg', '《海边的卡夫卡》叙述了一个十五岁离家少年与一个名叫中田聪的人的经历，两个角色作两条线索来写，而且两人自始至终未曾相遇。少年化名“田村卡夫卡”，从东京中野区的家里出逃，一直到了四国的高知县；中田聪在1946年，也就是在读小学时遇到奇怪事件昏迷后丧失了记忆和读写能力，因此大半辈子碌碌无为，直到六十岁这年，有了一次奇异的经历。');
INSERT INTO `bookisbn` VALUES ('9787532754373', '浮世画家', 76.00, '(英) 石黑一雄', '上海译文出版社', 1, '历史', NULL, '内容介绍：《浮世画家》曾获“惠特布莱德文学奖”，是石黒一雄早期的一部名作。战后日本百废待兴，人们积极投身于重建未来中，画家小野看似闲云野鹤的晚年生活却潜伏着一股心灵暗流。为了给小女顺利出嫁营造良好的社会关系，他开始重访故友，重温往事，让记忆回到日本帝国主义统治的那段时期。他频频遭遇与青年一代在思想、世界观上的矛盾和冲突，对曾经笃信和引以为豪的信念与业绩产生了困惑和犹疑，在正视与反思、肯定与否认间备');
INSERT INTO `bookisbn` VALUES ('9787532757350', '宇宙尽头的餐馆', 84.00, '(英) 道格拉斯·亚当斯', '上海译文出版社', 1, '散文', NULL, 'python的format函数的用法及实例 132978 ');
INSERT INTO `bookisbn` VALUES ('9787532764174', '想见看见听见', 181.00, '阮义忠', '上海译文出版社', 1, '科幻小说', NULL, NULL);
INSERT INTO `bookisbn` VALUES ('9787532764655', '银河系搭车客指南（5部曲）', 73.00, '(英) 道格拉斯·亚当斯', '上海译文出版社', 1, '历史/哲学', NULL, '内容介绍：突如其来的寂静笼罩了地球。这事实上比噪音更加可怕。有一会儿，什么也没有发生。巨大的飞船一动不动地挂在空中，覆盖了地球上的每个国家。在黯然退场之前，地球首先被改造成了最终极的声音重放器件，这是有史以来建造过的最伟大的播音系统。但伴之而来的不是演奏会，不是音乐，没有开场号曲，而仅仅是一条简短的信息。“地球人注意了。”一个声音说，这声音堪称完美，仿佛来自四声道系统，完美得无懈可击，失真度低得能');
INSERT INTO `bookisbn` VALUES ('9787532770243', '被掩埋的巨人', 192.00, '(英) 石黑一雄', '上海译文出版社', 1, '现代小说', NULL, '内容介绍：石黑一雄《被掩埋的巨人》讲述公元六世纪的英格兰，本土不列颠人与撒克逊入侵者之间的战争似乎已走到了终点——和平降临了这片土地，两个族群比邻而居，相安无事地共同生活了数十年。但与此同时，一片奇怪的“遗忘之雾”充盈着英格兰的山谷，吞噬着村民们的记忆，使他们的生活好似一场毫无意义的白日梦。一对年迈的不列颠夫妇想要赶在记忆完全丧失前找到此刻依稀停留在脑海中的儿子，于是匆匆踏上了一段艰辛的旅程。他们');
INSERT INTO `bookisbn` VALUES ('9787532771653', '卡罗尔', 161.00, '[美] 帕特里夏·海史密斯', '上海译文出版社', 1, '科幻小说', NULL, NULL);
INSERT INTO `bookisbn` VALUES ('9787533930824', '长恨歌', 30.00, '王安忆', '人民文学出版社', 1, '散文', 'https://ts1.cn.mm.bing.net/th/id/R-C.25f23bfb07c8ee62b9fff09f41fa4820?rik=ZoZDeGhQN8anhQ&riu=http%3a%2f%2fpic.baike.soso.com%2fp%2f20130801%2f20130801111854-2025875882.jpg&ehk=R1bY8n%2fyWhpqr5AibNqGCAIMmxxUOa3ujU%2b4IMSDEFs%3d&risl=&pid=ImgRaw&r=0', '《长恨歌》是唐代诗人白居易创作的一首长篇叙事诗。此诗可分为三大段，从“汉皇重色思倾国”至“惊破霓裳羽衣曲”共三十二句为第一段，写唐玄宗和杨贵妃的爱情生活、爱情效果，以及由此导致的荒政乱国和安史之乱的爆发。从“九重城阙烟尘生”至“魂魄不曾来入梦”共四十二句为第二段，写马嵬驿兵变，杨贵妃被杀，以及此后唐玄宗对杨贵妃朝思暮想，深情不移。从“临邛道士鸿都客”至“此恨绵绵无绝期”共四十六句为第三段，写唐玄宗派人上天入地到处寻找杨贵妃和杨贵妃在蓬莱宫会见唐玄宗使者的情形。');
INSERT INTO `bookisbn` VALUES ('9787535443809', '黄帝内经 生命智慧', 34.00, '曲黎敏', '长江文艺出版社', 1, '散文', NULL, NULL);
INSERT INTO `bookisbn` VALUES ('9787535458438', '益往直前', 72.00, '水均益', '长江文艺出版社', 1, '历史/哲学', NULL, '内容介绍：《益往直前》是“央视名嘴”水均益全新力作，他敞开心扉，回顾央视生涯20年，剖析“伊战逃兵”等心中之痛，点评央视离职潮，回应“月薪26万”传言，讲述与白岩松、崔永元、敬一丹等新闻老兵不得不说的故事，袒露“名利场中”心路历程。同时，以冲锋在新闻前沿的记者视角，揭秘亲历伊拉克战争、欧债危机、朝鲜炸毁核设施等重大国际新闻背后的真相，讲述采访普京、梅德韦杰夫、安倍晋三、卡梅伦等国际风云人物的独特感');
INSERT INTO `bookisbn` VALUES ('9787535492418', '进击的局座：悄悄话', 60.00, '张召忠', '长江文艺出版社', 1, '历史/哲学', NULL, '内容介绍：《进击的局座：悄悄话》，张召忠以悄悄话的形式，讲述自己年轻时求学、当兵、成为学者的经历，以及被网友们称作\"局座\"受到千万粉丝关注后的心路历程。鼓励年轻读者勇于创新、学以致用、理性看待现实。本书还科普了国防、兵器、网络战等军事问题。全书语言晓畅通俗、轻松幽默、亲切生动。除了文字内容，本书自带二次元特色，赠送年轻读者15页精彩条漫，将局座年轻时求学、当兵、结婚的经历，以及国防军事问题等用条漫');
INSERT INTO `bookisbn` VALUES ('9787535791887', '大国速度：中国高铁崛起之路', 71.00, '高铁见闻', '湖南科学技术出版社', 1, '散文', NULL, '内容介绍：全景式展示中国高铁崛起之路。不虚美，不隐恶，客观反映事实；不因在位而阿谀，不因去位而隐功；探究中国高铁崛起背后的逻辑。深度内容独家披露。大量高铁崛起过程故事，首次独家披露；不让历史被改写，不让真相被掩盖。以故事记录历史，从细节探究真相。讲述传奇故事，解读崛起历程，对话风云人物，探究成功之道。本书详细记录中国高铁崛起故事细节：全景展示中国高铁崛起之路；深度内容独家披露；以故事记录历史，从细');
INSERT INTO `bookisbn` VALUES ('9787536672741', '背着黄金做贼：李靖眼中的直销灰幕', 168.00, '李靖', '重庆出版社', 1, '散文', NULL, '内容介绍：《背着黄金做贼:李靖眼中的直销灰幕》是一本关于直销的职场生涯原始记录，也是营销视点批评书。《背着黄金做贼:李靖眼中的直销灰幕》以作者亲身的经历，讲述了自己的直销生涯中各种狂热和辛酸的故事，向读者揭开了直销的层层灰幕。狂热与理性的冲撞，本质与表象的揭示，体现了一位青年大学生对生活及生存价值的理解与反思。内容翔实，情节生动，引人入胜，发人深省。');
INSERT INTO `bookisbn` VALUES ('9787536692930', '三体', 45.00, '刘慈欣', '重庆出版社', 5, '科幻小说', 'https://p1.ssl.qhimg.com/t010c56ee9d2d205ae0.jpg', '作品讲述了地球人类文明和三体文明的信息交流、生死搏杀及两个文明在宇宙中的兴衰历程。《三体》的文本叙事在“后人类”的思考上有着重大突破，构建了科学与文学的互动范式，将道德内涵引入对科技的辩证思考中，并以文学手段在文化语境中对科技进行大胆假设和重构，但科技核心只是一个叙事跳板，是完成现实超越的重要媒介，也是人类命运共同体书写的重要工具。《三体》最吸引人的地方在于通过对人类中心主义的解构，继而完成对人与自然、动物之间的伦理反思与文学表达，最终指向去人类中心化的思想内核。');
INSERT INTO `bookisbn` VALUES ('9787537833875', '潘多拉的救赎', 92.00, '哈兰·科本', '北岳文艺出版社', 1, '历史/哲学', NULL, NULL);
INSERT INTO `bookisbn` VALUES ('9787538160529', '包装纸盒1000例', 126.00, '陈金明', '辽宁科学技术出版社', 1, '现代小说', NULL, '内容介绍：本书通过对目前市场流行的包装纸型的结构分析，从平面展开图到包装纸型立体图全面呈现了当前全球包装设计领域中令人欢欣鼓舞的最新纸型。1000幅详实的平面展开图，1000个独特的立体包装纸型，涵盖了几乎所商的包装纸型设计。从日用品的包装纸型到化妆品的包装纸型，为广大包装设计师和包装从业人员提供了设计实践参考。 1000例精彩的包装纸盒设计理念和灵感，独特的立体造型和与众不同的成型方法，极大地提');
INSERT INTO `bookisbn` VALUES ('9787539940892', '恶魔读心术', 153.00, '(日)内田直树', '江苏文艺出版社', 1, '科幻小说', NULL, '内容介绍：真相永远只有一个，让我们跳脱外表的蒙蔽，穿透隐藏版的人性，你常常有这种感觉吗……你自以为很了解别人，结果他根本就不是这样的人，用视觉将人性的伪装撕成碎片，与其被动防范，不如主动出击，穿透每个人潜藏的黑暗性格，减少浪费的时间与生命成本，把人生中的诈骗集团一个个打回原形。');
INSERT INTO `bookisbn` VALUES ('9787539949796', '银河帝国：基地七部曲（套装共7册）', 185.00, '(美)艾萨克·阿西莫夫', '江苏凤凰文艺出版社', 1, '科幻小说', NULL, '内容介绍：人类蜗居在银河系的一个小角落——太阳系，在围绕太阳旋转的第三颗行星上，生活了十多万年之久。人类在这个小小的行星（他们称之为“地球”）上，建立了两百多个不同的行政区域（他们称之为“国家”），直到地球上诞生了个会思考的机器人。在机器人的帮助下，人类迅速掌握了改造外星球的技术，开启了恢弘的星际殖民运动；人类在银河系如蝗虫般繁衍扩张，带着他们永不磨灭的愚昧与智慧、贪婪与良知，登上了一个个荒凉的星');
INSERT INTO `bookisbn` VALUES ('9787539958774', '神的九十亿个名字：阿瑟·克拉克经典科幻小说(套装共4册)', 79.00, '(英) 克拉克(Clarke, A. C.)', '江苏文艺出版社', 1, '散文', NULL, '内容介绍：上帝、耶和华、安拉……这些都是人造的符号，神真正的名字是不可呼唤的……一位西藏喇嘛向瓦格纳博士提出了一个奇怪的请求，他需要雇佣两名工程师，将一台自动序列计算机运送到圣地香格里拉。工程师们不远万里来到高山之巅的寺庙中，确保计算机不出故障地日夜运作。3个月之后，计算机将打印出九十亿种不同字母排列，里面隐藏着至高之神真正的名字。一旦名录完成，真正的神明便会降临世间……英国科幻小说大师阿瑟·克拉');
INSERT INTO `bookisbn` VALUES ('9787539989891', '巨人的陨落', 19.00, '(英) 肯·福莱特', '江苏凤凰文艺出版社', 1, '经典小说', NULL, '内容介绍：在第一次世界大战的硝烟中，每一个迈向死亡的生命都在热烈地生长——威尔士的矿工少年、刚失恋的美国法律系大学生、穷困潦倒的俄国兄弟、富有英俊的英格兰伯爵，以及痴情的德国特工… 从充满灰尘和危险的煤矿到闪闪发光的皇室宫殿，从代表着权力的走廊到爱恨纠缠的卧室，五个家族迥然不同又纠葛不断的命运逐渐揭晓，波澜壮阔地展现了一个我们自认为了解，但从未如此真切感受过的20世纪。作者简介：肯·福莱特 Ken');
INSERT INTO `bookisbn` VALUES ('9787539990286', '一盘大棋？中国新命运解析', 38.00, '(英) 罗思义(John Ross)', '江苏凤凰文艺出版社', 1, '历史', NULL, '内容介绍：作为中国人民大学重阳金融研究院首位外籍高级研究员，已潜心研究中国社会30余年的英国前高官罗思义，跳出中国人的习惯性思维，以外国人视角分析中国经济成就达成的各项因素，多角度对比分析中国经济与世界其他经济发展强国特别是美国的发展指数，解析中美经济之兴衰成败，全方位展示出中国经济在地缘政治竞争加剧时代的未来经济走向。全书主要分为四个部分：中国创造的经济与社会奇迹；为何中国经济发展如此之快；美国');
INSERT INTO `bookisbn` VALUES ('9787539990712', '火星崛起', 121.00, '(美) 皮尔斯·布朗(Pierce Brown)', '江苏凤凰文艺出版社', 1, '现代小说', NULL, '内容介绍：他认为我这样的种族是弱小的。他觉得我愚笨、孱弱，不配为人。我来自这个世界的底层，严酷的环境铸就了我，仇恨把我打磨得锋利，爱使我变得坚不可摧。他错了。这些人谁都别想活到最后。戴罗是个红种，生活在火星地底。他和他的族人整日干活，深信他们是为地球上的人类能移居火星表面而忙碌。可是，他们遭到了背叛，人类早在许多年前就已移居火星，城市、街道与公园遍布整颗星球，戴罗和所有红种人成了这个世界底层的奴隶');
INSERT INTO `bookisbn` VALUES ('9787540242893', '众妙之门（西方世界的“迷幻圣经”,精装插图版）', 102.00, '(英) 阿道司·赫胥黎', '北京燕山出版社', 1, '历史', NULL, '内容介绍：本书包括阿道司·赫胥黎的两部经典作品：《众妙之门》《天堂与地狱》《众妙之门》书名源自英国诗人威廉·布莱克的诗句：“如果我们将知觉之门洗涤致净，万物便会以其无限的原貌出现在我们眼前。人们若将自己封闭起来，便只能从洞穴的狭窄细缝中窥探事物。” 也与《老子》的“玄之又玄，众妙之门”有着异曲同工之意。《众妙之门》是赫胥黎记录自己服用一种从美洲仙人掌中提取的麦司卡林后的视幻体验，以及一些神秘经验造');
INSERT INTO `bookisbn` VALUES ('9787540449254', '十四行诗', 139.00, '莎士比亚', '莎士比亚', 1, '历史/哲学', NULL, NULL);
INSERT INTO `bookisbn` VALUES ('9787540474096', '第八日的蝉', 189.00, '(日)角田光代', '湖南文艺出版社', 1, '历史/哲学', NULL, '内容介绍：《第八日的蝉》（日语：八日目の蝉/ようかめのせみ Youkame no Sem），日本作家角田光代的悬疑小说。一部融合犯罪、悬疑与写实题材的深情催泪之书；日本三大女作家之一角田光代最触动人心代表作，荣获第35届日本电影学院奖“最佳影片”等十项大奖、日本书店大奖、第2届中央公论文艺奖；我偷走情人的婴孩，用母爱虚构我们的人生。点评鉴赏：能将如此长篇巨作以安定的文体描绘得淋漓尽致，角田小姐的笔');
INSERT INTO `bookisbn` VALUES ('9787540481453', '目送', 138.00, '龙应台', '生活·读书·新知三联书店', 4, '现代小说', 'https://www.helloimg.com/i/2024/12/02/674dcd3a1b941.png', '龙应台在《目送》中一改犀利的文风，以温柔婉转的文字，写父亲的死亡、母亲的衰老和失智，写对父母的怜惜和体恤；写兄弟的“人生不相见，动如参与商”；写一个人的走路、赏树、观鸟、拍照、生活；写从牵着孩子幼小的手，情意满满的亲情，到青春后期孩子与自己渐行渐远的背影。');
INSERT INTO `bookisbn` VALUES ('9787541142185', '一个叫欧维的男人决定去死', 111.00, '(瑞典)弗雷德里克·巴克曼', '四川文艺出版社', 1, '散文', NULL, '内容介绍：看哭全北欧的瑞典票房冠军电影同名原著小说，韩国治愈系男神池昌旭温情推荐，直言本书令人感到幸福，热销瑞典，席卷欧洲，2016年，这个屌炸天的瑞典老头更是征服了全美国。（电影链接：https://movie.douban.com/subject/26628357/）。来认识一下欧维，这个59岁的老头，脾气古怪，带着坚不可 摧的 原则、每天恪守的常规以及随时发飙的脾性在社区晃来晃去，被背地里称');
INSERT INTO `bookisbn` VALUES ('9787543628250', '第三性(萨特与波伏瓦)', 131.00, '黄忠晶', '青岛出版社', 1, '历史/哲学', NULL, '内容介绍：这对情侣是世界顶级的大作家与大哲学家。萨特的存在主义哲学是人们谈论20世纪哲学不可不说的经典；波伏瓦的《第二性：女人》则被奉为了“妇女解放的《圣经》”。在他们身后引起人们众多谈论的不仅仅是他们对人类哲学的杰出贡献，也不仅仅因为他们是一对情侣，一对名人情侣，一对大大的名人情侣，更因为他们的爱情生活的方式，让局外人看来是如此的特立独行，甚至，在寻常如你我的凡夫俗子眼中有点不可思议。他们从未宣');
INSERT INTO `bookisbn` VALUES ('9787544245555', '嫌疑犯X的献身 ', 123.00, '(日) 东野圭吾', '南海出版公司', 1, '科幻小说', NULL, '内容介绍：百年一遇的数学天才石神，每天唯一的乐趣，便是去固定的便当店买午餐，只为看一眼在便当店做事的邻居靖子。靖子与女儿相依为命，失手杀了前来纠缠的前夫。石神提出由他料理善后。石神设了一个匪夷所思的局，令警方始终只能在外围敲敲打打，根本无法与案子沾边。石神究竟使用了什么手法？作者简介：东野圭吾，日本著名作家。1958年生于大阪。1985年，以第31届江户川乱步奖获奖作品《放学后》出道，开始扬名立万');
INSERT INTO `bookisbn` VALUES ('9787544248174', '金字塔原理', 22.00, '芭芭拉·明托', '南海出版社', 1, '散文', NULL, NULL);
INSERT INTO `bookisbn` VALUES ('9787544711025', '蛙', 111.00, '莫言', '上海文艺出版社', 4, '现代小说', 'https://www.helloimg.com/i/2024/12/03/674f0bc6eb8b0.jpg', '《蛙》以新中国近60年波澜起伏的农村生育史为背景，通过讲述从事妇产科工作50多年的乡村女医生姑姑的人生经历，在形象描述国家为了控制人口剧烈增长、实施计划生育国策所走过的艰巨而复杂的历史过程的同时，成功塑造了一个生动鲜明、感人至深的农村妇科医生形象；并结合计划生育过程中的复杂现象，剖析了以叙述人蝌蚪为代表的知识分子卑微、尴尬、纠结、矛盾的精神世界。');
INSERT INTO `bookisbn` VALUES ('9787544728214', '嫌疑人X的献身', 97.00, '东野圭吾', '南海出版社', 2, '现代小说', 'https://www.helloimg.com/i/2024/12/03/674f0c6e0c251.jpg', '他已毫无留恋。没有理由寻死，但也没有理由活着，如此而已。\r\n');
INSERT INTO `bookisbn` VALUES ('9787545201062', '玉米', 145.00, '毕飞宇', '上海锦绣文章出版社', 1, '现代小说', NULL, '内容介绍：本书描述了玉米、玉秀、玉秧三姐妹不同的人生轨迹和她们之间剪不断理还乱的奇特关系，透视了家常场景下一颗颗神不守舍、暗藏杀机的女性灵魂，揭示出在一个贫瘠时代，权力对人性的腐蚀。作者简介：毕飞宇，1964年1月生于江苏兴化。1987年毕业于扬州师范学院中文系，同年赴南京任教。1992年调入《南京日报》社，从事新闻采访、编辑工作。1998年入江苏省作家协会。20世纪80年代后期开始小说创作，代表');
INSERT INTO `bookisbn` VALUES ('9787545413991', '白手起家，餐饮开店全程实战手册', 41.00, '方辉', '广东经济出版社', 1, '历史/哲学', NULL, '内容介绍：《舌尖上的餐饮店》丛书《舌尖上的餐饮店》丛书主要描述了餐饮企业（酒楼、餐厅、餐饮店、餐馆）急需了解和掌握的员工培训、成本控制、财务管理、细节管理以及如何开店的内容。根据《旅游饭店星级的划分与评定》（GB丌14308-2010）的要求，增加了绿色设计、清洁生产、节能减排、绿色消费理念；增加了突发事件应急处理；强化了安全管理的要求；引导（酒楼、餐厅、餐饮店、餐馆）进行特色经营。本系列丛书更加');
INSERT INTO `bookisbn` VALUES ('9787545809428', '经典佛偈解析', 140.00, '罗伟国', '上海书店出版社', 1, '历史/哲学', NULL, NULL);
INSERT INTO `bookisbn` VALUES ('9787547710241', '高智商犯罪之死神代言人', 188.00, '紫金陈', '同心出版社', 1, '历史', NULL, '内容介绍：突发恶性案件，工商所员工在旅行途中被绑架，所有人员连同司机在内，全部凭空消失了。在高速监控调查中，看到了这辆商务车驶入监控，却再没有看到此车驶出监控。警方把这段高速及周边寻了个遍，始终找不到车子的半点踪迹。有什么办法能让一辆车和整车人集体在高速上消失得无影无踪？　　案件陷入僵局，视线转移到以前的一起命案：一次聚餐中，还是这家工商所的队长在众目睽睽之下被人毒杀。现场至少有十多位目击者亲眼看');
INSERT INTO `bookisbn` VALUES ('9787547829240', '家庭观赏蔬菜种植与养护', 132.00, '张鲁归', '上海科学技术出版社', 1, '科幻小说', NULL, '内容介绍：观赏蔬菜，这可能是个比较新鲜的名词。但种植 的蔬菜既可以食用，也能够观赏，这对于想在庭院、 阳台种菜的爱好者来说，肯定会有不小的吸引力。张 鲁归编*的《家庭观赏蔬菜种植与养护》就是采用图 文并茂的形式，向大家介绍五十种能吃又可以观赏的 蔬菜种类，并阐述每种蔬菜的育苗方法和栽培要点， 便于读者根据个人的喜好和环境条件，选择适宜的观 赏蔬菜进行栽培。');
INSERT INTO `bookisbn` VALUES ('9787549405480', '美国视觉设计学院用书：图形、色彩、文字、编排、网络设计参考书', 83.00, '(美) 蒂莫西·萨马拉', '广西美术出版社', 1, '科幻小说', NULL, '内容介绍：“好的设计师不仅要知道各个元素之间的相似或不同，同时还要知道各个元素所传达信息的对比，哪些元素传达了亲密、愤怒或平和的情绪，哪些元素又给你金融的、医疗的或工业的体验。”　　《美国视觉设计学院用书：图形、色彩、文字、编排、网络设计参考书》共分为三个部分：基本设计技巧，平面设计元素和设计策略。“设计元素”一节又分为四个小组：常用图形、色彩理念、文字排版风格和排版策略。一旦掌握了基本设计技巧及');
INSERT INTO `bookisbn` VALUES ('9787549563050', '飞毡', 11.00, '西西', '广西师范大学出版社', 1, '现代小说', NULL, '内容介绍：本书是西西长篇小说代表作，2005年获《星洲日报》世界华文文学奖。全书以花氏家族兴衰作线性的串联，配以魔幻现实主义和童话写实的手法，书写香港（肥土镇）百年世俗生活史。打开世界地图，真要找肥土镇的话，注定徒劳，不过我提议先找出巨龙国。一片海棠叶般大块陆地，是巨龙国，而在巨龙国南方的边陲，几乎看也看不见，一粒比芝麻还小的针点子地，方是肥土镇。如果把范围集中放大，只看巨龙国的地图，肥土镇就像堂');
INSERT INTO `bookisbn` VALUES ('9787550013247', '摆渡人', 174.00, '(英) 克莱儿·麦克福尔', '百花洲文艺出版社', 1, '科幻小说', NULL, '内容介绍：单亲女孩迪伦，15岁的世界一片狼藉：与母亲总是无话可说，在学校里经常受到同学的捉弄，谈得来的好友也因为转学离开了。这一切都让迪伦感到无比痛苦。　　她决定去看望久未谋面的父亲，然而，路上突发交通事故。等她拼命爬出火车残骸之后，却惊恐地发现，自己是幸存者，而眼前，竟是一片荒原。　　此时，迪伦看到不远处的山坡上一个男孩的身影。　　男孩将她带离了事故现场。但是，迪伦很快意识到，男孩并不是偶然出现');
INSERT INTO `bookisbn` VALUES ('9787550211551', '我在底层的生活：当专栏作家化身女服务生 ', 66.00, '(美) 芭芭拉·艾伦瑞克(Barbara Ehrenreich)', '北京联合出版公司', 1, '现代小说', NULL, '内容介绍：失业必然导致贫穷，努力工作就一定能改善生活吗？在美国，数百万的底层劳工终日工作，却只能赚得每小时6—7美元的低时薪，他们要如何生存，又是否能够走向成功？为了寻找底层贫穷的真相，作者隐藏自己的身份与地位，潜入美国的底层社会，去体验底薪阶层是如何挣扎求生的。她为此制定了严苛的执行标准，在衣食住行各方面做出相应调整，力求贴近低薪阶层的生存实态。在化身底层劳工的这段期间，作者流转于不同城市、不同');
INSERT INTO `bookisbn` VALUES ('9787550213333', '编剧的艺术', 179.00, '[美]拉约什·埃格里(Lajos Egri)', '北京联合出版公司·后浪出版公司', 1, '散文', NULL, NULL);
INSERT INTO `bookisbn` VALUES ('9787550234956', '家国四部曲', 118.00, '都梁', '北京联合出版社', 1, '经典小说', NULL, '内容介绍：都梁编著的《亮剑》讲述了，李云龙是一个叱咤 风云、百战沙场的职业军人，是一个一生都在血与火 中搏斗的名将。他的人生信条是：面对强大的对手， 明知不敌，也要毅然亮剑，即使倒下，也要成为一座 山、一道岭。在战争与和平的时空转换中，他的人生 注定要成为一个传奇。作者简介：都梁，上世纪50年代生人，因出版《亮剑》《血色浪漫》《狼烟北平》和《荣宝斋》而蛮声文坛。四部小说均被改编成同名电视剧，其中《');
INSERT INTO `bookisbn` VALUES ('9787550249745', '我坚信', 43.00, '[美]奥普拉·温弗瑞(Oprah Winfrey)', '[美]奥普拉·温弗瑞(Oprah Winfrey)', 1, '科幻小说', NULL, NULL);
INSERT INTO `bookisbn` VALUES ('9787550284432', '白板：科学合常识所揭示的人性奥秘', 40.00, '(美)史蒂芬·平克', '浙江人民出版社', 1, '历史', NULL, '内容介绍：关于主流人性论的颠覆性反叛，破而后立，进而建立起新的意义和道德观念，重塑对人性的信心。阐明人性的本源、内涵及局限，追溯人类诸多苦难的根源，拨开道德错觉的迷雾，直达现实的彼岸。直面人性科学研究领域的诸多热点话题：政治、暴力、性别、儿童及艺术，发现诸多现实冲突背后的分岔路口及共享的普世价值观念。一场探索人类本性的奇幻之旅。史蒂芬·平克“语言与人性”四部曲之最后一部。作者简介：出生于加拿大蒙特');
INSERT INTO `bookisbn` VALUES ('9787550606876', '沙岸之谜', 60.00, '(英)厄斯金·柴德斯', '凤凰出版社', 1, '历史', NULL, '内容介绍：一战前，英国外交部官员卡拉瑟斯应好友戴维斯的邀请，前往德国北部的沙滨海岸度假。到了目的地后他才发现，所谓的度假游轮不过是一艘小帆船。为了适应船上的生活，卡拉瑟斯开始练习驾驶帆船的技巧，为此吃尽了苦头。就在他刚刚适应航海生活时，他们深入了德军海防线，跟德国间谍不期而遇！原来这戴维斯预谋已久。他约卡拉瑟斯来德国，并不是为了度假，而是为了调查一个德国人意图谋杀自己的真相。调查中，他们察觉到，在');
INSERT INTO `bookisbn` VALUES ('9787559415784', '流浪地球', 170.00, '刘慈欣', '江苏凤凰文艺出版社', 3, '科幻小说', 'https://www.helloimg.com/i/2024/12/03/674f091d88030.jpg', '《流浪地球》是刘慈欣科幻短篇作品中极为经典的一篇。在本绘本中，绘者凭借自己扎实的设计功底和对作品的深刻解读，以74幅华丽宏大的原画将原著中的诸多经典场景和片段一一付诸纸面。巨型发动机的光柱，被推走的月球，冰封的太平洋，巨大的木星，叛乱，氦闪，让那些曾经盘桓在读者脑海中的经典场景变成如电影镜头一样的绮丽画面。以瑰丽浪漫的笔触描绘恢弘原作，呈现一部献礼宇宙的末日美学散文诗。用电影设计的独有方式，重新诠释了刘慈欣的这部经典作品。');
INSERT INTO `bookisbn` VALUES ('9787559619366', '我们仨', 92.00, '杨绛', '生活·读书·新知三联书店', 5, '现代小说', 'https://www.helloimg.com/i/2024/12/03/674f0fb33b227.jpg', '该书讲述了一个单纯温馨的家庭几十年平淡无奇、相守相助、相聚相失的经历。作者杨绛以简洁而沉重的语言，回忆了先后离她而去的女儿钱瑗、丈夫钱锺书，以及一家三口那些快乐而艰难、爱与痛的日子。');
INSERT INTO `bookisbn` VALUES ('9787561336638', '平凡的世界', 131.00, '路遥', '陕西人民出版社', 4, '现代小说', 'https://www.helloimg.com/i/2024/12/03/674f114d0037f.jpg', '该书以中国70年代中期到80年代中期十年间为背景，通过复杂的矛盾纠葛，以孙少安和孙少平两兄弟为中心，刻画了当时社会各阶层众多普通人的形象；劳动与爱情、挫折与追求、痛苦与欢乐、日常生活与巨大社会冲突纷繁地交织在一起，深刻地展示了普通人在大时代历史进程中所走过的艰难曲折的道路。');
INSERT INTO `bookisbn` VALUES ('9787561347867', '那些无法拒绝的名篇（中英对照）', 178.00, '章华', '陕西师范大学出版社', 1, '经典小说', NULL, '内容介绍：《每天读一点英文》是一套与美国人同步阅读的中英双语丛书。该丛书由美国英语教师协会推荐，特点有三：*内文篇目取自美国经典、权威、流行的读本，适于诵读；*“实战提升”部分，包括内容提要、作者介绍、单词注解、名句大搜索，在学习英语的同时拓展知识面；*本书SHOU*选取《飘》等欧美名著和《芒果街上的小屋》等DANG*当代畅销书的*经典片段，让你在品读名篇中，感受原汁原味的英文魅力。附赠地道美语朗');
INSERT INTO `bookisbn` VALUES ('9787563377114', '转山边境流浪者', 107.00, '谢旺霖', '广西师范大学出版社', 1, '散文', NULL, '内容介绍：夜间骑行几乎掉下悬崖，在藏獒与野狗的夹击下狼狈脱险，由于食物中毒而整整两天上吐下泻……艰险的旅程只是表象，而作者表述的核心是面对自己的软弱。从最初的防范戒备到最后与藏民共食糌粑，作者的变化或者说成长清晰可见：“从内向转化外放，从寡言变多话”，“我在创造另一个新的可能的自我”。这不仅是一次身体的旅行，更是一次心灵的旅行，这不仅是一本关于旅行的书，更是一部关于成长的书。作者简介：谢旺霖，19');
INSERT INTO `bookisbn` VALUES ('9787564066864', 'IllustratorCS5 现代广告设计与制作', 182.00, '高文胜', '北京理工大学出版社', 1, '散文', NULL, '内容介绍：《Illustrator CS5：现代广告设计与制作》是以企业项目设计任务为背景，以图形设计理念为基础，详细地介绍了POP广告设计、宣传册广告设计和包装设计的基础知识，并运用Illustrator CS5进行图形处理，通过大量的广告制作实例，系统介绍了图形设计与构思、图像处理和创意的基本常识与设计方法等，并对在使用Illustrator CS5中文版时经常碰到的问题进行了详细指导，从而使');
INSERT INTO `bookisbn` VALUES ('9787564410151', '何伟三部曲套装', 198.00, '(美)彼得·海斯勒', '上海译文出版社', 1, '经典小说', NULL, '内容介绍：《寻路中国：从乡村到工厂的自驾之旅》：追寻现代中国，讲述老百姓自己的故事。《纽约时报》、《经济学人》、《纽约客》、《时代周刊》、《华尔街日报》、《国家地理》、《华盛顿邮报》联合推荐，美国亚马逊书店中国旅行类图书第一名。《江城》：2011年度畅销书《寻路中国》姐妹篇，纪实中国三部曲序曲。《江城》在美国畅销超过十年，是美国人了解中国的首选图书，带你重新认识中国。《江城》获Kiriyama环太');
INSERT INTO `bookisbn` VALUES ('9787564410155', '国家阴谋（五部）', 55.00, '(美)丹尼尔·席尔瓦', '同心出版社', 1, '现代小说', NULL, '内容介绍：1） 国家阴谋：以色列的暗杀艺术　　作者丹尼尔·席尔瓦被誉为全球的国际阴谋论作家、美国最伟大的间谍小说家。《国家阴谋》系列标志着丹尼尔·席尔瓦写作事业的巅峰，书中，风度优雅、技艺高超的特工男主角，陷入了一个又一个政治漩涡，从最溃烂的历史伤口剜出政治、宗教的罪恶，从最危险的风口浪尖拯救无辜平民，在最意想不到的地点暗杀恐怖分子，在最千钧一发的时刻化解大战危机。　　加百列·艾隆身为以色列特工，');
INSERT INTO `bookisbn` VALUES ('9787568206938', '虫子的世界', 52.00, '刘慈欣', '北京理工大学出版社', 1, '历史/哲学', NULL, '内容介绍：《虫子的世界》是刘慈欣领衔的一部科幻作品集。该书以刘慈欣的代表作《乡村教师（以签约影视）》为主打，文中既描述了人在宇宙中的卑微与渺小，同时又讴歌了人性的辉煌与伟大。在本文中，一位身患绝症的乡村教师与他的一群学生被放在星际战争的大背景下——银河系内正在暴发一场持续了几万年的星际大战，而在地球上，一位将死的乡村教师，却在为他的学生上最后一堂课。一方面是成千上万星系被外星文明毁灭的悲壮画面，一');
INSERT INTO `bookisbn` VALUES ('9787569906936', '雪国列车', 86.00, '(法)雅克·罗布', '北京时代华文书局', 1, '经典小说', NULL, '内容介绍：地球气候突变，成为严寒的地狱。幸存的人类躲进一辆被永动机驱动的列车，在冰封的大地上无休止地运行。一旦停下，所有人都会冻死。列车内，生活在末节车厢的人饱受拥挤、肮脏和饥饿的折磨，过着毫无尊严的生活。普罗洛夫不堪忍受这一切，打碎玻璃，试图逃到前面的车厢。然而，随着向车头方向前进，眼见的一切让他感到震惊和迷惑：早就应该消失的咖啡、烟草、植物园、水族馆、图书馆……原来尚存在车上；人们对神圣的永动');
INSERT INTO `bookisbn` VALUES ('9787801037084', '宋词鉴赏辞典 (中国古典诗词曲赋鉴赏系列工具书)', 72.00, '唐圭璋钟振振', '商务国际', 1, '散文', NULL, '内容介绍：《宋词鉴赏辞典》共选取了唐、五代、宋著名词人185家，词作700余首。这些兼具思想性和艺术性的作品，直到今天仍在陶冶着人们的情操，给我们带来美的享受。在中国古代文学的阆苑里，唐宋词这块芬芳绚丽的园圃，令人目迷，令人神醉。她姹紫嫣红，千姿百态，与唐诗争奇，与元曲斗妍，又为后来的明清戏剧小说输送了有机养分。《宋词鉴赏辞典》邀请了160位专家学者对这些作品进行了精彩赏析，以便提高广大读者在古典');
INSERT INTO `bookisbn` VALUES ('9787801037305', '历代辞赋鉴赏辞典', 91.00, '霍旭东', '商务印书馆国际有限公司', 1, '散文', NULL, '内容介绍：《历代辞赋鉴赏辞典》收录200余位作者的300余篇辞赋。这些辞赋上自战国，下至近代，包括诸如屈原、宋玉、贾谊、司马相如、张衡、曹植、左思、江淹、庾信等人的代表作。所选作品风格多样、形式丰富，充分反映了辞赋这种文学体裁的无穷魅力；由霍旭东等百余位中国古代文学专家逐篇进行了注释和分析鉴赏，以帮助读者提高对古典辞赋作品的理解和鉴赏能力。');
INSERT INTO `bookisbn` VALUES ('9787802226302', '财富的秘密', 39.00, '(美)富兰克林·霍布斯', '华侨出版社', 1, '现代小说', NULL, '内容介绍：《财富的秘密》中说财富是一种心理状态，或者更确切地说，财富是通过一种心理状态而被创造。几乎没有人一下就变得富有的人才会变得富有，个人财富的成长与发展有时很少被繁忙的男人或女人注意到，这样的人差不多是无意识地增长财富。如果你是富有的，在这些书页里将有一些东西告诉你怎样使你的财富更丰厚，以及怎样更充分地享受已经被授予你的财富。如果你正在通往财富的路上，本书里的一些东西将有助于你扫平道路并使它');
INSERT INTO `bookisbn` VALUES ('9787802288348', '看不懂的中国人', 101.00, '林语堂傅斯年鲁迅', '新世界出版社', 1, '历史/哲学', NULL, '内容介绍：中国人是怎样一种人？中华民族是怎样一个民族？是文明还是野蛮？是善良还是可恶？是聪明还是愚蠢？中国人性格上有那些优点和弱点？。《看不懂的中国人》收集了几乎所有描写中国人性格的佳作名篇，让每个中国人都能了解自己内心深处的性格和弱点。');
INSERT INTO `bookisbn` VALUES ('9787802362178', '数码摄影修饰技巧', 190.00, '安小龙', '中国摄影出版社', 1, '历史', NULL, '内容介绍：语言简洁，步骤详细。在内容安排上.由浅入深地介绍了数码照片处理的方法和技巧。所选题材皆源于生活，不仅能为照片添加丰富的效果，亦能展现无限的创作乐趣。30个基础实例详细介绍运用Photoshop进行照片初级处理所需掌握的方法和技巧，33个经典实例展示数码照片高级修饰技术，为照片添加丰富的效果，体会修饰过程的无限乐趣。');
INSERT INTO `bookisbn` VALUES ('9787802491472', '知性力·2：充电！要成为锐利的商务人士', 67.00, '(日)大前研一', '中华工商联合出版社有限公司', 1, '散文', NULL, '内容介绍：由华尔街金融危机引发的企业裁员风潮正席卷全球。作为上班族的你，怎样才能独善其身？如何在动荡的时代从容应对？管理大师大前研一在《知性力2(充电!要成为锐利的商务人士)》中告诉你：充电，由掌握单一技能的“I型”人才向掌握多项技能的“T型”、“∏型”人才跃升，跻身“知性白领”行列，是你提升职场竞争力的必由之路。　　充电必备7项技能：　　英文能力；　　计算机运用能力；　　逻辑思考能力；　　情商；');
INSERT INTO `bookisbn` VALUES ('9787802540712', '香光居文选：弥陀要解浅讲', 134.00, '林克智', '宗教文化出版社', 1, '经典小说', NULL, NULL);
INSERT INTO `bookisbn` VALUES ('9787805672252', '静静的顿河', 77.00, '肖洛霍夫', '人民文学出版社', 1, '经典小说', 'https://tse2-mm.cn.bing.net/th/id/OIP-C.ydSwdc1GWCkWohVmkbQIIgHaKb?rs=1&pid=ImgDetMain', '展示了哥萨克人在战争中的苦难历程');
INSERT INTO `bookisbn` VALUES ('9787806579404', '大中华文库・浮生六记（汉英对照 ）', 167.00, '(清)沈复', '译林出版社', 1, '现代小说', NULL, '内容介绍：《浮生六记》是清朝乾隆年间文人沈复的性情之作，作者以简洁生动的文笔描述了个人生活的方方面面，包括婚姻爱情、家庭变故，闲情异趣、山水游记等，字里行间流露出作者独特的人生态度，价值理念、性格气质和审美情调。');
INSERT INTO `bookisbn` VALUES ('9787811119114', '女性内衣设计制图技法', 21.00, '洪境汪林', '东华大学出版社', 1, '科幻小说', NULL, '内容介绍：一个好的设计师，应该首先了解女性的体型，了解内衣的结构原理、变化规律，了解各种面料、辅料的特性。在这个基础上，再加上艺术家的灵感，才能成功设计出一款典雅、美观、舒适并合体的内衣。这是一本介绍基础内衣裁剪原理的书，尽管它的制图较为复杂，但也确实非常有趣。本书作者参考了众多国外的内衣设计制板的相关资料，结合了中国人的体形特征，在工作实践中摸索总结出一套独立的设计制图方法。本书所述各类款式结构');
INSERT INTO `bookisbn` VALUES ('9787830020866', '中文版Illustrator CS6平面创意设计与制作300例', 165.00, '孙启善管虹', '北京希望电子出版社', 1, '科幻小说', NULL, '内容介绍：《中文版Illustrator CS6平面创意设计与制作300例》根据使用IllustratorCS6进行图形绘制和平面设计的特点，精心设计了300个实例，由优秀平面设计教师编写，循序渐进地讲解了使用IllustratorCS6制作和设计专业平面作品所需要的全部知识。全书共分16章，讲解IllustratorCS6新手入门、简单编辑图形对象、基本绘图工具、填充和描边、复杂图形的创建、对象');
INSERT INTO `bookisbn` VALUES ('9787894767066', 'Android手机玩家进阶活用100%', 183.00, '苏俊健', '电脑报电子音像出版社', 1, '历史', NULL, '内容介绍：Android（安卓）是Google基于Linux内核的开源手机操作系统的名称，Android平台的手机在智能手机市场上占有*多的份额，釆用Android系统的手机与平板电脑在Office办公、阅读、词典、翻译、图像处理、系统管理、游戏、实用软件、上网等方面有着丰富应用。 本手册为你介绍Android手机的各种应用技巧，包括：软件安装、Google内置程序、系统维护与提速、特色软件应用、');
INSERT INTO `bookisbn` VALUES ('9789861992280', 'Illustrator绘图设计的达人教室', 28.00, '吴宏信', 'PCuSER电脑人文化', 1, '历史/哲学', NULL, '内容介绍：《Illustrator绘图‧设计的达人教室》 本书依照这样的需求构想,仅针对真正有用、好用的功能,设计了浅显易懂的教学内容,让使用者不再觉得Illustrator是个庞大、复杂、难懂的软体。 透过本书,会让所有的设计初学者发现,学Illustrator可以这么无负担、不用吸收太多垃圾内容。');
INSERT INTO `bookisbn` VALUES ('9789867039859', '水彩的光影表现', 153.00, '(美)苏珊．布尔岱.Susan D. Bourdet', '积木文化', 1, '散文', NULL, '内容介绍：本书从最基础的画具挑选开始教起，按部就班教导读者创作出美丽生动的水彩画，适合有绘画基础、想针对光影技法加强的读者。本书以267张精美图画，图解式讲解，逐步教导读者水彩画的各种知识与技法，并以画作示范了7种基本技法、5种光源练习、8种质材的光影表现、4幅整合技巧示范，让读者能step by step跟著做出完整练习。藉由书中的介绍，读者能跟著练习描绘出一天中不同的光线、表现出在不同主题上的');
INSERT INTO `bookisbn` VALUES ('9789881854414', 'apd-亚太设计年鉴no.5', 99.00, '三度文化传媒', '三度出版有限公司', 1, '散文', NULL, '内容介绍：《第五届APD-亚太设计年鉴》是三度文化传媒于2005年创立的国际性设计年鉴。作品来自中国、香港、台湾、日本、美国、加拿大等二十多个亚太国家和地区的优秀作品，涵括视觉设计、包装设计、书籍设计、海报设计、平面印刷、标志以及图形设计七大类别。经过多年的努力，APD已成为亚太地区设计年鉴的知名品牌，更代表亚太地区的高水平作品。');
INSERT INTO `bookisbn` VALUES ('9789900378976', '新零售时代三部曲:超市里的原始人+不可消失的门店+屏幕上的聪明决策(套装共3册)', 28.00, '(美)大卫·贝尔 (David R. Bell)', '浙江人民出版社', 1, '历史', NULL, '内容介绍： 《新零售时代三部曲:超市里的原始人+不可消失的门店+屏幕上的聪明决策(套装共3册)》包括《新零售时代三部曲：不可消失的门店》《新零售时代三部曲：超市里的原始人》《新零售时代三部曲：屏幕上的聪明决策》共3册。《新零售时代三部曲:超市里的原始人+不可消失的门店+屏幕上的聪明决策(套装共3册)》结合真实案例和大数据调研结果，总结出给零售业的前瞻性建议和意见，并对未来实体与电商发展进行了大胆预');
INSERT INTO `bookisbn` VALUES ('无', '佛教基础知识', 20.00, '慧风 韩福瑞 等著', '大乘文化出版社', 1, '历史', NULL, '');

-- ----------------------------
-- Table structure for category
-- ----------------------------
DROP TABLE IF EXISTS `category`;
CREATE TABLE `category`  (
  `category` varchar(40) CHARACTER SET utf8mb4 COLLATE utf8mb4_0900_ai_ci NOT NULL,
  PRIMARY KEY (`category`) USING BTREE
) ENGINE = InnoDB CHARACTER SET = utf8mb4 COLLATE = utf8mb4_0900_ai_ci ROW_FORMAT = Dynamic;

-- ----------------------------
-- Records of category
-- ----------------------------
INSERT INTO `category` VALUES ('历史');
INSERT INTO `category` VALUES ('历史/哲学');
INSERT INTO `category` VALUES ('散文');
INSERT INTO `category` VALUES ('现代小说');
INSERT INTO `category` VALUES ('科幻小说');
INSERT INTO `category` VALUES ('经典小说');

-- ----------------------------
-- Table structure for complaint
-- ----------------------------
DROP TABLE IF EXISTS `complaint`;
CREATE TABLE `complaint`  (
  `id` int NOT NULL,
  `user_id` bigint NULL DEFAULT NULL,
  `complaint` varchar(255) CHARACTER SET utf8mb4 COLLATE utf8mb4_0900_ai_ci NULL DEFAULT NULL,
  PRIMARY KEY (`id`) USING BTREE,
  INDEX `user_id`(`user_id` ASC) USING BTREE,
  CONSTRAINT `user_id` FOREIGN KEY (`user_id`) REFERENCES `user` (`id`) ON DELETE CASCADE ON UPDATE CASCADE
) ENGINE = InnoDB CHARACTER SET = utf8mb4 COLLATE = utf8mb4_0900_ai_ci ROW_FORMAT = Dynamic;

-- ----------------------------
-- Records of complaint
-- ----------------------------
INSERT INTO `complaint` VALUES (1, 1, '添加功能');

-- ----------------------------
-- Table structure for lends
-- ----------------------------
DROP TABLE IF EXISTS `lends`;
CREATE TABLE `lends`  (
  `id` bigint NOT NULL AUTO_INCREMENT,
  `user_id` bigint NOT NULL,
  `book_id` bigint NOT NULL,
  `lend_time` datetime NOT NULL,
  `return_time` datetime NULL DEFAULT NULL,
  `returned` tinyint(1) NULL DEFAULT 0,
  PRIMARY KEY (`id`) USING BTREE,
  INDEX `user_id`(`user_id` ASC) USING BTREE,
  INDEX `book_id`(`book_id` ASC) USING BTREE,
  CONSTRAINT `lends_ibfk_1` FOREIGN KEY (`user_id`) REFERENCES `user` (`id`) ON DELETE RESTRICT ON UPDATE RESTRICT,
  CONSTRAINT `lends_ibfk_2` FOREIGN KEY (`book_id`) REFERENCES `bookentity` (`id`) ON DELETE RESTRICT ON UPDATE RESTRICT
) ENGINE = InnoDB AUTO_INCREMENT = 16 CHARACTER SET = utf8mb4 COLLATE = utf8mb4_0900_ai_ci ROW_FORMAT = Dynamic;

-- ----------------------------
-- Records of lends
-- ----------------------------
INSERT INTO `lends` VALUES (1, 1, 152, '2024-12-07 19:54:57', '2024-12-08 09:19:45', 0);
INSERT INTO `lends` VALUES (2, 2, 180, '2024-12-03 01:03:01', '2024-12-10 06:08:24', 0);
INSERT INTO `lends` VALUES (3, 2, 16, '2024-12-01 05:29:13', '2024-12-10 06:48:28', 0);
INSERT INTO `lends` VALUES (4, 1, 6, '2024-12-04 20:35:51', '2024-12-08 04:46:09', 0);
INSERT INTO `lends` VALUES (5, 1, 170, '2024-12-06 13:10:23', '2024-12-08 08:32:58', 0);
INSERT INTO `lends` VALUES (6, 1, 180, '2024-12-03 17:05:23', '2024-12-09 14:49:21', 0);
INSERT INTO `lends` VALUES (7, 1, 290, '2024-11-30 03:08:28', '2024-12-10 04:15:08', 1);
INSERT INTO `lends` VALUES (8, 1, 18, '2024-12-06 17:17:56', '2024-12-10 17:31:21', 0);
INSERT INTO `lends` VALUES (9, 2, 248, '2024-12-03 05:42:23', '2024-12-08 16:40:32', 0);
INSERT INTO `lends` VALUES (10, 2, 330, '2024-12-02 01:47:03', '2024-12-08 17:39:19', 1);
INSERT INTO `lends` VALUES (11, 2, 3, '2024-12-02 16:03:37', '2024-12-08 06:42:51', 1);
INSERT INTO `lends` VALUES (12, 1, 108, '2024-12-01 19:01:43', '2024-12-09 02:39:29', 0);
INSERT INTO `lends` VALUES (13, 2, 215, '2024-11-30 22:20:06', '2024-12-09 20:43:08', 1);
INSERT INTO `lends` VALUES (14, 1, 317, '2024-12-01 09:32:54', '2024-12-08 06:19:34', 0);
INSERT INTO `lends` VALUES (15, 1, 105, '2024-12-05 22:15:29', '2024-12-09 21:14:12', 0);
INSERT INTO `lends` VALUES (16, 2, 98, '2024-12-01 19:39:25', '2024-12-10 08:25:36', 0);
INSERT INTO `lends` VALUES (17, 1, 219, '2024-12-05 13:03:11', '2024-12-10 23:33:18', 0);
INSERT INTO `lends` VALUES (18, 2, 270, '2024-12-04 19:53:49', '2024-12-08 06:04:41', 0);
INSERT INTO `lends` VALUES (19, 2, 43, '2024-12-01 01:36:23', '2024-12-09 12:40:23', 1);
INSERT INTO `lends` VALUES (20, 2, 82, '2024-12-06 09:40:15', '2024-12-09 08:31:11', 0);
INSERT INTO `lends` VALUES (21, 2, 66, '2024-12-04 21:00:08', '2024-12-08 13:00:43', 0);
INSERT INTO `lends` VALUES (22, 1, 328, '2024-12-02 11:00:21', '2024-12-10 05:04:07', 1);
INSERT INTO `lends` VALUES (23, 1, 49, '2024-12-05 05:23:51', '2024-12-10 09:05:56', 0);
INSERT INTO `lends` VALUES (24, 1, 302, '2024-12-06 14:23:36', '2024-12-09 13:36:09', 0);
INSERT INTO `lends` VALUES (25, 2, 256, '2024-12-03 01:18:56', '2024-12-08 11:08:10', 0);
INSERT INTO `lends` VALUES (26, 1, 169, '2024-12-03 00:25:14', '2024-12-08 03:58:46', 0);
INSERT INTO `lends` VALUES (27, 1, 287, '2024-12-05 10:47:24', '2024-12-08 17:51:25', 1);
INSERT INTO `lends` VALUES (28, 2, 144, '2024-12-07 17:45:37', '2024-12-10 21:23:23', 0);
INSERT INTO `lends` VALUES (29, 1, 91, '2024-11-30 04:24:37', '2024-12-10 14:45:51', 1);
INSERT INTO `lends` VALUES (30, 1, 226, '2024-12-07 17:30:10', '2024-12-10 02:19:33', 0);
INSERT INTO `lends` VALUES (31, 1, 8, '2024-12-06 22:21:43', '2024-12-09 17:01:55', 1);
INSERT INTO `lends` VALUES (32, 2, 98, '2024-12-07 09:08:47', '2024-12-08 02:33:57', 0);
INSERT INTO `lends` VALUES (33, 1, 247, '2024-12-03 02:31:06', '2024-12-08 19:00:02', 1);
INSERT INTO `lends` VALUES (34, 2, 269, '2024-12-03 13:21:06', '2024-12-09 16:08:23', 0);
INSERT INTO `lends` VALUES (35, 2, 231, '2024-12-07 18:40:16', '2024-12-08 16:00:08', 0);
INSERT INTO `lends` VALUES (36, 2, 130, '2024-12-07 05:43:58', '2024-12-10 16:06:02', 1);
INSERT INTO `lends` VALUES (37, 1, 116, '2024-12-05 19:02:27', '2024-12-08 20:38:33', 0);
INSERT INTO `lends` VALUES (38, 1, 312, '2024-11-30 07:04:18', '2024-12-08 07:03:46', 1);
INSERT INTO `lends` VALUES (39, 2, 258, '2024-12-04 11:54:30', '2024-12-09 15:10:57', 0);
INSERT INTO `lends` VALUES (40, 1, 182, '2024-12-05 22:04:12', '2024-12-09 09:08:13', 1);
INSERT INTO `lends` VALUES (41, 1, 186, '2024-12-06 01:57:22', '2024-12-09 19:34:25', 0);
INSERT INTO `lends` VALUES (42, 1, 310, '2024-11-30 12:52:39', '2024-12-10 22:12:09', 1);
INSERT INTO `lends` VALUES (43, 1, 104, '2024-12-02 05:35:15', '2024-12-08 20:07:02', 1);
INSERT INTO `lends` VALUES (44, 2, 322, '2024-12-06 15:18:49', '2024-12-08 05:05:47', 1);
INSERT INTO `lends` VALUES (45, 1, 163, '2024-11-30 13:38:53', '2024-12-09 09:57:05', 1);
INSERT INTO `lends` VALUES (46, 1, 252, '2024-12-03 05:49:53', '2024-12-08 02:14:09', 1);
INSERT INTO `lends` VALUES (47, 1, 202, '2024-12-04 09:26:24', '2024-12-08 18:10:44', 1);
INSERT INTO `lends` VALUES (48, 1, 183, '2024-11-30 04:10:09', '2024-12-10 01:04:17', 1);
INSERT INTO `lends` VALUES (49, 1, 269, '2024-12-05 22:11:43', '2024-12-08 14:50:26', 1);
INSERT INTO `lends` VALUES (50, 1, 144, '2024-12-05 05:49:01', '2024-12-09 06:57:38', 0);
INSERT INTO `lends` VALUES (51, 1, 301, '2024-11-30 21:45:09', '2024-12-08 15:56:36', 1);
INSERT INTO `lends` VALUES (52, 2, 212, '2024-12-05 03:39:34', '2024-12-10 19:34:41', 1);
INSERT INTO `lends` VALUES (53, 2, 169, '2024-12-03 07:35:13', '2024-12-10 11:09:52', 1);
INSERT INTO `lends` VALUES (54, 2, 287, '2024-12-06 15:28:51', '2024-12-08 02:20:59', 1);
INSERT INTO `lends` VALUES (55, 2, 22, '2024-12-02 13:50:49', '2024-12-09 21:16:23', 0);
INSERT INTO `lends` VALUES (56, 2, 225, '2024-12-03 03:50:25', '2024-12-08 07:34:57', 1);
INSERT INTO `lends` VALUES (57, 2, 253, '2024-12-04 17:51:18', '2024-12-10 15:06:29', 1);
INSERT INTO `lends` VALUES (58, 2, 26, '2024-12-05 15:27:49', '2024-12-09 07:38:55', 0);
INSERT INTO `lends` VALUES (59, 2, 252, '2024-12-04 08:03:12', '2024-12-09 07:39:42', 0);
INSERT INTO `lends` VALUES (60, 1, 68, '2024-12-03 21:04:45', '2024-12-10 18:49:06', 0);
INSERT INTO `lends` VALUES (61, 1, 224, '2024-12-07 22:47:11', '2024-12-10 23:22:04', 1);
INSERT INTO `lends` VALUES (62, 2, 179, '2024-12-01 06:42:11', '2024-12-08 14:11:47', 0);
INSERT INTO `lends` VALUES (63, 2, 136, '2024-12-01 19:34:42', '2024-12-10 04:34:37', 1);
INSERT INTO `lends` VALUES (64, 1, 202, '2024-12-07 11:18:42', '2024-12-09 06:56:13', 0);
INSERT INTO `lends` VALUES (65, 1, 316, '2024-11-30 23:20:44', '2024-12-10 11:31:58', 1);
INSERT INTO `lends` VALUES (66, 1, 104, '2024-12-01 22:26:30', '2024-12-10 23:18:09', 1);
INSERT INTO `lends` VALUES (67, 1, 9, '2024-12-06 21:47:09', '2024-12-10 21:23:10', 0);
INSERT INTO `lends` VALUES (68, 2, 250, '2024-12-03 13:24:06', '2024-12-08 20:11:28', 1);
INSERT INTO `lends` VALUES (69, 1, 178, '2024-12-05 08:41:22', '2024-12-09 10:21:54', 1);
INSERT INTO `lends` VALUES (70, 1, 275, '2024-12-03 16:45:50', '2024-12-09 22:59:46', 1);
INSERT INTO `lends` VALUES (71, 2, 105, '2024-11-30 05:01:32', '2024-12-10 17:59:30', 1);
INSERT INTO `lends` VALUES (72, 2, 70, '2024-12-03 10:49:09', '2024-12-08 11:45:04', 1);
INSERT INTO `lends` VALUES (73, 1, 326, '2024-12-03 04:54:14', '2024-12-08 10:43:50', 1);
INSERT INTO `lends` VALUES (74, 1, 161, '2024-12-07 22:11:38', '2024-12-10 08:49:29', 0);
INSERT INTO `lends` VALUES (75, 2, 117, '2024-11-30 10:40:08', '2024-12-09 21:01:39', 0);
INSERT INTO `lends` VALUES (76, 1, 233, '2024-12-04 22:45:50', '2024-12-09 16:29:21', 1);
INSERT INTO `lends` VALUES (77, 2, 48, '2024-12-04 16:50:21', '2024-12-08 13:08:37', 1);
INSERT INTO `lends` VALUES (78, 2, 290, '2024-12-05 20:54:38', '2024-12-08 05:29:24', 1);
INSERT INTO `lends` VALUES (79, 2, 62, '2024-12-05 01:49:06', '2024-12-08 19:08:00', 0);
INSERT INTO `lends` VALUES (80, 2, 179, '2024-12-01 03:59:09', '2024-12-10 11:50:07', 0);
INSERT INTO `lends` VALUES (81, 1, 176, '2024-12-02 20:49:05', '2024-12-09 12:22:33', 1);
INSERT INTO `lends` VALUES (82, 1, 200, '2024-12-02 06:32:13', '2024-12-09 14:48:31', 1);
INSERT INTO `lends` VALUES (83, 2, 325, '2024-12-01 11:09:23', '2024-12-09 07:39:27', 0);
INSERT INTO `lends` VALUES (84, 2, 164, '2024-12-03 22:03:20', '2024-12-08 08:39:22', 0);
INSERT INTO `lends` VALUES (85, 2, 228, '2024-11-30 04:50:40', '2024-12-10 06:15:23', 0);
INSERT INTO `lends` VALUES (86, 1, 61, '2024-12-04 14:51:07', '2024-12-10 23:24:26', 1);
INSERT INTO `lends` VALUES (87, 2, 31, '2024-12-03 22:53:21', '2024-12-09 16:21:59', 0);
INSERT INTO `lends` VALUES (88, 2, 71, '2024-12-04 09:52:35', '2024-12-09 23:23:31', 1);
INSERT INTO `lends` VALUES (89, 2, 194, '2024-12-03 17:19:05', '2024-12-09 05:19:47', 1);
INSERT INTO `lends` VALUES (90, 1, 326, '2024-11-30 12:32:57', '2024-12-08 09:10:57', 0);
INSERT INTO `lends` VALUES (91, 1, 53, '2024-12-04 22:05:25', '2024-12-09 11:23:05', 1);
INSERT INTO `lends` VALUES (92, 1, 52, '2024-12-07 12:46:52', '2024-12-10 02:05:04', 0);
INSERT INTO `lends` VALUES (93, 2, 74, '2024-12-05 05:52:46', '2024-12-08 10:48:25', 0);
INSERT INTO `lends` VALUES (94, 2, 49, '2024-11-30 23:46:11', '2024-12-09 13:18:21', 0);
INSERT INTO `lends` VALUES (95, 1, 210, '2024-12-07 10:37:05', '2024-12-09 15:34:58', 1);
INSERT INTO `lends` VALUES (96, 1, 281, '2024-12-05 22:03:24', '2024-12-09 01:55:34', 1);
INSERT INTO `lends` VALUES (97, 1, 128, '2024-12-07 07:59:05', '2024-12-08 01:47:37', 0);
INSERT INTO `lends` VALUES (98, 1, 300, '2024-12-07 17:05:37', '2024-12-08 03:26:33', 0);
INSERT INTO `lends` VALUES (99, 1, 292, '2024-12-07 11:00:56', '2024-12-09 11:54:38', 0);
INSERT INTO `lends` VALUES (100, 2, 320, '2024-12-02 14:05:58', '2024-12-09 09:34:08', 1);
INSERT INTO `lends` VALUES (101, 1, 173, '2024-12-04 03:01:16', '2024-12-10 01:19:04', 0);
INSERT INTO `lends` VALUES (102, 1, 204, '2024-12-01 10:06:06', '2024-12-08 11:57:39', 0);
INSERT INTO `lends` VALUES (103, 1, 254, '2024-12-06 10:54:47', '2024-12-09 22:36:08', 1);
INSERT INTO `lends` VALUES (104, 1, 31, '2024-12-01 18:07:45', '2024-12-08 08:50:40', 1);
INSERT INTO `lends` VALUES (105, 2, 196, '2024-12-01 14:07:59', '2024-12-10 16:25:22', 1);
INSERT INTO `lends` VALUES (106, 2, 51, '2024-11-30 02:56:59', '2024-12-09 21:16:58', 0);
INSERT INTO `lends` VALUES (107, 2, 111, '2024-12-07 03:44:18', '2024-12-10 14:12:38', 1);
INSERT INTO `lends` VALUES (108, 1, 315, '2024-12-01 08:25:19', '2024-12-09 13:21:53', 0);
INSERT INTO `lends` VALUES (109, 2, 219, '2024-12-03 07:36:10', '2024-12-09 10:07:52', 0);
INSERT INTO `lends` VALUES (110, 1, 318, '2024-12-04 04:14:28', '2024-12-10 12:46:15', 1);
INSERT INTO `lends` VALUES (111, 2, 36, '2024-12-03 06:51:12', '2024-12-09 07:49:46', 1);
INSERT INTO `lends` VALUES (112, 1, 162, '2024-12-06 03:48:37', '2024-12-08 02:55:45', 0);
INSERT INTO `lends` VALUES (113, 1, 298, '2024-12-06 17:31:05', '2024-12-09 21:00:25', 1);
INSERT INTO `lends` VALUES (114, 2, 101, '2024-12-04 11:36:59', '2024-12-09 15:44:32', 1);
INSERT INTO `lends` VALUES (115, 2, 236, '2024-12-02 06:05:00', '2024-12-09 08:12:14', 0);
INSERT INTO `lends` VALUES (116, 2, 21, '2024-12-07 09:12:47', '2024-12-09 00:27:53', 0);
INSERT INTO `lends` VALUES (117, 2, 120, '2024-12-05 22:33:48', '2024-12-09 19:30:10', 1);
INSERT INTO `lends` VALUES (118, 1, 164, '2024-12-02 02:53:31', '2024-12-10 06:04:31', 0);
INSERT INTO `lends` VALUES (119, 2, 72, '2024-12-01 13:43:02', '2024-12-09 16:03:59', 1);
INSERT INTO `lends` VALUES (120, 1, 284, '2024-12-07 07:08:00', '2024-12-09 05:30:49', 0);
INSERT INTO `lends` VALUES (121, 2, 3, '2024-12-06 11:53:58', '2024-12-08 04:37:21', 0);
INSERT INTO `lends` VALUES (122, 1, 308, '2024-12-05 23:03:40', '2024-12-09 18:03:33', 1);
INSERT INTO `lends` VALUES (123, 2, 286, '2024-12-01 10:28:40', '2024-12-09 01:04:18', 1);
INSERT INTO `lends` VALUES (124, 1, 181, '2024-12-03 13:06:18', '2024-12-09 14:56:00', 1);
INSERT INTO `lends` VALUES (125, 2, 209, '2024-11-30 00:42:56', '2024-12-08 05:00:49', 0);
INSERT INTO `lends` VALUES (126, 1, 321, '2024-12-03 08:35:54', '2024-12-10 01:15:31', 1);
INSERT INTO `lends` VALUES (127, 1, 158, '2024-12-06 19:44:37', '2024-12-09 09:55:13', 1);
INSERT INTO `lends` VALUES (128, 2, 217, '2024-12-05 06:51:37', '2024-12-08 10:06:07', 1);
INSERT INTO `lends` VALUES (129, 2, 107, '2024-12-07 13:29:49', '2024-12-09 09:21:09', 1);
INSERT INTO `lends` VALUES (130, 1, 13, '2024-12-07 04:53:59', '2024-12-10 10:42:51', 1);
INSERT INTO `lends` VALUES (131, 1, 168, '2024-12-03 16:18:02', '2024-12-08 22:55:07', 1);
INSERT INTO `lends` VALUES (132, 1, 28, '2024-12-04 05:45:34', '2024-12-10 04:16:48', 0);
INSERT INTO `lends` VALUES (133, 2, 15, '2024-12-02 18:41:08', '2024-12-10 20:37:21', 1);
INSERT INTO `lends` VALUES (134, 2, 280, '2024-12-06 13:24:28', '2024-12-08 21:58:32', 1);
INSERT INTO `lends` VALUES (135, 1, 38, '2024-12-04 06:43:07', '2024-12-10 23:58:59', 1);
INSERT INTO `lends` VALUES (136, 1, 225, '2024-12-06 17:13:35', '2024-12-08 16:10:12', 1);
INSERT INTO `lends` VALUES (137, 2, 143, '2024-12-04 10:50:56', '2024-12-08 06:38:34', 1);
INSERT INTO `lends` VALUES (138, 2, 206, '2024-12-03 14:05:01', '2024-12-08 02:56:04', 0);
INSERT INTO `lends` VALUES (139, 2, 37, '2024-12-01 03:29:05', '2024-12-08 11:23:31', 0);
INSERT INTO `lends` VALUES (140, 1, 105, '2024-12-07 13:19:18', '2024-12-08 15:51:37', 0);
INSERT INTO `lends` VALUES (141, 2, 266, '2024-12-05 23:11:34', '2024-12-09 20:02:28', 1);
INSERT INTO `lends` VALUES (142, 2, 289, '2024-12-05 08:35:01', '2024-12-10 20:15:29', 1);
INSERT INTO `lends` VALUES (143, 1, 127, '2024-11-30 22:28:57', '2024-12-10 02:02:22', 1);
INSERT INTO `lends` VALUES (144, 1, 313, '2024-12-02 23:49:41', '2024-12-09 12:23:59', 1);
INSERT INTO `lends` VALUES (145, 1, 159, '2024-12-02 23:50:18', '2024-12-10 01:34:14', 1);
INSERT INTO `lends` VALUES (146, 2, 323, '2024-12-04 19:24:43', '2024-12-08 09:45:23', 1);
INSERT INTO `lends` VALUES (147, 2, 309, '2024-12-03 14:02:59', '2024-12-10 22:18:50', 1);
INSERT INTO `lends` VALUES (148, 1, 284, '2024-11-30 19:30:42', '2024-12-08 05:05:51', 0);
INSERT INTO `lends` VALUES (149, 2, 89, '2024-11-30 02:28:07', '2024-12-10 10:40:07', 1);
INSERT INTO `lends` VALUES (150, 1, 149, '2024-12-01 06:23:49', '2024-12-10 09:41:23', 1);
INSERT INTO `lends` VALUES (151, 1, 51, '2024-12-07 23:39:18', '2024-12-08 13:46:31', 1);
INSERT INTO `lends` VALUES (152, 2, 142, '2024-12-02 10:43:57', '2024-12-09 01:57:01', 0);
INSERT INTO `lends` VALUES (153, 2, 270, '2024-12-05 23:09:02', '2024-12-08 03:48:34', 0);
INSERT INTO `lends` VALUES (154, 2, 198, '2024-12-05 21:20:46', '2024-12-09 04:27:24', 1);
INSERT INTO `lends` VALUES (155, 1, 182, '2024-12-06 23:57:22', '2024-12-08 01:55:37', 1);
INSERT INTO `lends` VALUES (156, 2, 30, '2024-12-02 15:14:56', '2024-12-10 00:18:52', 0);
INSERT INTO `lends` VALUES (157, 1, 143, '2024-12-01 14:15:48', '2024-12-08 18:54:54', 1);
INSERT INTO `lends` VALUES (158, 2, 53, '2024-12-01 01:36:33', '2024-12-08 12:23:22', 0);
INSERT INTO `lends` VALUES (159, 1, 160, '2024-12-07 00:08:21', '2024-12-10 16:20:39', 0);
INSERT INTO `lends` VALUES (160, 1, 267, '2024-12-03 01:51:46', '2024-12-08 19:14:00', 0);
INSERT INTO `lends` VALUES (161, 2, 67, '2024-12-01 19:56:51', '2024-12-10 16:09:51', 0);
INSERT INTO `lends` VALUES (162, 1, 154, '2024-12-03 05:25:13', '2024-12-10 21:34:32', 0);
INSERT INTO `lends` VALUES (163, 2, 216, '2024-12-01 20:07:30', '2024-12-10 06:29:02', 0);
INSERT INTO `lends` VALUES (164, 1, 60, '2024-11-30 15:30:59', '2024-12-09 20:14:56', 0);
INSERT INTO `lends` VALUES (165, 2, 49, '2024-12-01 04:41:04', '2024-12-08 11:34:51', 1);
INSERT INTO `lends` VALUES (166, 2, 223, '2024-12-05 00:38:56', '2024-12-08 05:01:42', 1);
INSERT INTO `lends` VALUES (167, 1, 23, '2024-12-04 08:46:54', '2024-12-09 03:01:47', 1);
INSERT INTO `lends` VALUES (168, 1, 6, '2024-12-03 14:18:54', '2024-12-09 15:09:37', 1);
INSERT INTO `lends` VALUES (169, 1, 309, '2024-12-01 10:26:49', '2024-12-08 06:03:26', 0);
INSERT INTO `lends` VALUES (170, 1, 184, '2024-12-05 01:34:19', '2024-12-10 18:47:28', 1);
INSERT INTO `lends` VALUES (171, 1, 279, '2024-12-02 07:15:33', '2024-12-10 11:46:00', 0);
INSERT INTO `lends` VALUES (172, 2, 168, '2024-12-03 08:13:19', '2024-12-08 15:40:31', 1);
INSERT INTO `lends` VALUES (173, 1, 110, '2024-12-07 00:02:34', '2024-12-09 06:34:42', 1);
INSERT INTO `lends` VALUES (174, 1, 185, '2024-11-30 02:53:15', '2024-12-10 15:16:24', 1);
INSERT INTO `lends` VALUES (175, 1, 82, '2024-11-30 00:30:17', '2024-12-09 16:06:12', 0);
INSERT INTO `lends` VALUES (176, 1, 13, '2024-12-05 00:39:50', '2024-12-08 20:30:20', 0);
INSERT INTO `lends` VALUES (177, 1, 326, '2024-11-30 07:27:48', '2024-12-08 19:11:32', 1);
INSERT INTO `lends` VALUES (178, 2, 64, '2024-12-01 05:19:35', '2024-12-10 10:15:28', 1);
INSERT INTO `lends` VALUES (179, 2, 78, '2024-12-04 15:47:47', '2024-12-09 14:11:52', 1);
INSERT INTO `lends` VALUES (180, 1, 105, '2024-12-02 04:01:44', '2024-12-09 05:32:29', 1);
INSERT INTO `lends` VALUES (181, 1, 124, '2024-12-07 21:13:23', '2024-12-09 11:19:55', 0);
INSERT INTO `lends` VALUES (182, 1, 32, '2024-11-30 02:21:54', '2024-12-08 12:12:15', 0);
INSERT INTO `lends` VALUES (183, 1, 17, '2024-11-30 09:02:36', '2024-12-08 01:07:04', 0);
INSERT INTO `lends` VALUES (184, 1, 231, '2024-12-07 19:12:40', '2024-12-10 06:43:14', 0);
INSERT INTO `lends` VALUES (185, 1, 45, '2024-12-02 18:37:42', '2024-12-10 16:56:12', 1);
INSERT INTO `lends` VALUES (186, 2, 136, '2024-12-01 08:49:39', '2024-12-08 19:44:10', 1);
INSERT INTO `lends` VALUES (187, 2, 255, '2024-12-02 00:46:12', '2024-12-09 12:46:21', 0);
INSERT INTO `lends` VALUES (188, 1, 39, '2024-12-07 19:33:28', '2024-12-08 15:09:55', 1);
INSERT INTO `lends` VALUES (189, 2, 198, '2024-11-30 18:05:11', '2024-12-08 09:40:14', 1);
INSERT INTO `lends` VALUES (190, 1, 260, '2024-12-02 14:03:06', '2024-12-10 01:27:51', 1);
INSERT INTO `lends` VALUES (191, 2, 225, '2024-12-01 08:14:11', '2024-12-09 09:31:36', 1);
INSERT INTO `lends` VALUES (192, 1, 144, '2024-12-06 04:54:22', '2024-12-10 22:36:17', 1);
INSERT INTO `lends` VALUES (193, 2, 292, '2024-12-03 20:26:45', '2024-12-09 12:23:24', 1);
INSERT INTO `lends` VALUES (194, 1, 53, '2024-12-05 13:36:45', '2024-12-09 09:20:19', 0);
INSERT INTO `lends` VALUES (195, 2, 165, '2024-11-30 06:59:03', '2024-12-09 12:22:26', 0);
INSERT INTO `lends` VALUES (196, 2, 191, '2024-12-03 22:27:51', '2024-12-10 00:46:19', 1);
INSERT INTO `lends` VALUES (197, 2, 43, '2024-12-02 21:29:29', '2024-12-09 11:06:57', 1);
INSERT INTO `lends` VALUES (198, 1, 225, '2024-12-05 03:43:41', '2024-12-09 13:07:16', 1);
INSERT INTO `lends` VALUES (199, 2, 190, '2024-12-05 12:18:11', '2024-12-08 23:56:51', 0);
INSERT INTO `lends` VALUES (200, 1, 66, '2024-12-06 11:21:25', '2024-12-09 20:16:02', 0);
INSERT INTO `lends` VALUES (201, 1, 332, '2024-12-01 21:26:13', '2024-12-09 10:21:49', 1);
INSERT INTO `lends` VALUES (202, 2, 53, '2024-12-05 08:33:50', '2024-12-10 17:30:31', 1);
INSERT INTO `lends` VALUES (203, 1, 151, '2024-12-01 20:45:49', '2024-12-09 14:31:24', 1);
INSERT INTO `lends` VALUES (204, 2, 326, '2024-12-04 14:41:05', '2024-12-10 22:31:22', 1);
INSERT INTO `lends` VALUES (205, 1, 218, '2024-12-06 00:46:53', '2024-12-08 04:12:31', 0);
INSERT INTO `lends` VALUES (206, 2, 5, '2024-12-06 10:45:20', '2024-12-08 01:59:14', 1);
INSERT INTO `lends` VALUES (207, 2, 192, '2024-12-01 05:49:36', '2024-12-08 09:03:47', 0);
INSERT INTO `lends` VALUES (208, 1, 17, '2024-11-30 11:57:54', '2024-12-10 16:30:01', 1);
INSERT INTO `lends` VALUES (209, 1, 315, '2024-12-01 21:56:43', '2024-12-09 01:19:52', 0);
INSERT INTO `lends` VALUES (210, 1, 323, '2024-11-30 08:43:21', '2024-12-10 18:06:43', 0);
INSERT INTO `lends` VALUES (211, 1, 203, '2024-12-01 01:11:51', '2024-12-08 07:59:06', 0);
INSERT INTO `lends` VALUES (212, 1, 333, '2024-12-06 10:53:06', '2024-12-10 20:39:18', 0);
INSERT INTO `lends` VALUES (213, 1, 108, '2024-12-07 06:24:06', '2024-12-08 23:40:30', 0);
INSERT INTO `lends` VALUES (214, 2, 136, '2024-12-03 16:26:06', '2024-12-10 17:53:28', 0);
INSERT INTO `lends` VALUES (215, 2, 18, '2024-12-02 16:13:52', '2024-12-08 22:00:36', 1);
INSERT INTO `lends` VALUES (216, 1, 121, '2024-12-06 12:31:07', '2024-12-09 14:15:10', 1);
INSERT INTO `lends` VALUES (217, 2, 212, '2024-12-07 09:40:59', '2024-12-09 18:27:26', 0);
INSERT INTO `lends` VALUES (218, 1, 294, '2024-12-05 02:26:28', '2024-12-09 15:23:53', 1);
INSERT INTO `lends` VALUES (219, 2, 171, '2024-12-07 18:45:46', '2024-12-10 04:45:00', 0);
INSERT INTO `lends` VALUES (220, 1, 95, '2024-12-02 10:45:37', '2024-12-09 07:24:12', 1);
INSERT INTO `lends` VALUES (221, 1, 115, '2024-12-06 20:28:57', '2024-12-09 07:35:04', 1);
INSERT INTO `lends` VALUES (222, 1, 103, '2024-12-03 10:52:31', '2024-12-08 12:32:02', 0);
INSERT INTO `lends` VALUES (223, 2, 120, '2024-12-03 12:38:55', '2024-12-08 13:28:52', 0);
INSERT INTO `lends` VALUES (224, 1, 304, '2024-11-30 01:17:59', '2024-12-09 10:58:12', 0);
INSERT INTO `lends` VALUES (225, 2, 143, '2024-12-05 18:07:01', '2024-12-10 05:35:37', 1);
INSERT INTO `lends` VALUES (226, 1, 256, '2024-12-01 12:33:12', '2024-12-10 01:19:24', 1);
INSERT INTO `lends` VALUES (227, 1, 261, '2024-12-02 21:27:56', '2024-12-10 21:03:06', 0);
INSERT INTO `lends` VALUES (228, 2, 78, '2024-12-03 12:48:17', '2024-12-08 01:10:23', 1);
INSERT INTO `lends` VALUES (229, 1, 160, '2024-11-30 05:56:10', '2024-12-09 02:12:16', 1);
INSERT INTO `lends` VALUES (230, 1, 49, '2024-12-07 18:30:27', '2024-12-09 12:14:16', 1);
INSERT INTO `lends` VALUES (231, 2, 30, '2024-12-06 14:49:56', '2024-12-10 01:31:17', 0);
INSERT INTO `lends` VALUES (232, 2, 207, '2024-12-05 08:39:38', '2024-12-10 02:17:42', 1);
INSERT INTO `lends` VALUES (233, 1, 28, '2024-12-05 10:23:50', '2024-12-09 00:38:52', 0);
INSERT INTO `lends` VALUES (234, 2, 192, '2024-12-07 19:00:56', '2024-12-08 21:15:35', 0);
INSERT INTO `lends` VALUES (235, 1, 17, '2024-12-07 00:08:33', '2024-12-09 21:33:21', 0);
INSERT INTO `lends` VALUES (236, 1, 23, '2024-12-02 23:54:40', '2024-12-10 08:51:15', 0);
INSERT INTO `lends` VALUES (237, 2, 233, '2024-12-04 16:49:19', '2024-12-10 05:23:37', 1);
INSERT INTO `lends` VALUES (238, 1, 202, '2024-12-01 23:30:21', '2024-12-08 12:36:56', 1);
INSERT INTO `lends` VALUES (239, 1, 37, '2024-12-06 06:31:30', '2024-12-10 20:44:24', 1);
INSERT INTO `lends` VALUES (240, 2, 256, '2024-12-03 12:50:03', '2024-12-09 23:12:58', 1);
INSERT INTO `lends` VALUES (241, 2, 255, '2024-12-04 06:18:52', '2024-12-10 03:03:31', 1);
INSERT INTO `lends` VALUES (242, 2, 102, '2024-12-03 05:29:17', '2024-12-08 21:42:10', 0);
INSERT INTO `lends` VALUES (243, 2, 319, '2024-11-30 08:09:13', '2024-12-10 22:40:14', 1);
INSERT INTO `lends` VALUES (244, 2, 219, '2024-12-06 07:53:43', '2024-12-10 23:24:01', 0);
INSERT INTO `lends` VALUES (245, 1, 98, '2024-12-07 10:05:36', '2024-12-10 19:00:14', 0);
INSERT INTO `lends` VALUES (246, 2, 102, '2024-12-04 17:57:44', '2024-12-10 22:21:44', 0);
INSERT INTO `lends` VALUES (247, 2, 137, '2024-12-03 14:41:38', '2024-12-10 15:40:23', 1);
INSERT INTO `lends` VALUES (248, 2, 163, '2024-12-07 02:55:43', '2024-12-10 04:15:19', 1);
INSERT INTO `lends` VALUES (249, 2, 210, '2024-11-30 08:17:47', '2024-12-09 01:22:08', 0);
INSERT INTO `lends` VALUES (250, 1, 335, '2024-11-30 20:51:35', '2024-12-10 19:34:22', 1);
INSERT INTO `lends` VALUES (251, 2, 48, '2024-12-07 14:14:31', '2024-12-10 03:32:57', 1);
INSERT INTO `lends` VALUES (252, 2, 260, '2024-12-01 16:59:53', '2024-12-10 17:13:13', 0);
INSERT INTO `lends` VALUES (253, 1, 200, '2024-12-02 11:40:52', '2024-12-09 19:44:13', 1);
INSERT INTO `lends` VALUES (254, 1, 299, '2024-12-04 05:59:17', '2024-12-08 21:34:47', 1);
INSERT INTO `lends` VALUES (255, 2, 148, '2024-12-05 19:14:05', '2024-12-09 11:32:54', 0);
INSERT INTO `lends` VALUES (256, 1, 291, '2024-12-01 02:47:20', '2024-12-09 06:54:44', 0);
INSERT INTO `lends` VALUES (257, 2, 317, '2024-12-06 04:55:13', '2024-12-08 20:34:17', 1);
INSERT INTO `lends` VALUES (258, 2, 214, '2024-12-01 13:42:35', '2024-12-09 13:21:35', 0);
INSERT INTO `lends` VALUES (259, 1, 142, '2024-12-05 06:54:31', '2024-12-08 07:48:56', 1);
INSERT INTO `lends` VALUES (260, 1, 122, '2024-12-01 14:22:30', '2024-12-10 11:39:05', 0);
INSERT INTO `lends` VALUES (261, 2, 278, '2024-12-07 14:33:56', '2024-12-09 03:54:48', 0);
INSERT INTO `lends` VALUES (262, 1, 124, '2024-12-07 15:01:40', '2024-12-08 02:14:57', 0);
INSERT INTO `lends` VALUES (263, 1, 151, '2024-11-30 23:19:30', '2024-12-08 08:45:32', 0);
INSERT INTO `lends` VALUES (264, 1, 8, '2024-12-02 10:42:50', '2024-12-08 12:22:27', 0);
INSERT INTO `lends` VALUES (265, 1, 325, '2024-11-30 11:01:22', '2024-12-08 03:15:20', 0);
INSERT INTO `lends` VALUES (266, 1, 131, '2024-12-07 09:30:59', '2024-12-09 11:07:34', 1);
INSERT INTO `lends` VALUES (267, 2, 133, '2024-11-30 08:51:38', '2024-12-09 23:07:41', 1);
INSERT INTO `lends` VALUES (268, 2, 200, '2024-12-01 12:57:31', '2024-12-08 22:02:44', 0);
INSERT INTO `lends` VALUES (269, 2, 50, '2024-12-02 20:23:07', '2024-12-10 06:26:24', 0);
INSERT INTO `lends` VALUES (270, 1, 8, '2024-12-04 13:28:58', '2024-12-08 05:01:39', 1);
INSERT INTO `lends` VALUES (271, 1, 158, '2024-12-01 00:52:46', '2024-12-08 04:25:18', 0);
INSERT INTO `lends` VALUES (272, 2, 135, '2024-12-01 12:53:08', '2024-12-09 01:31:57', 1);
INSERT INTO `lends` VALUES (273, 1, 267, '2024-12-01 07:22:40', '2024-12-09 05:20:42', 1);
INSERT INTO `lends` VALUES (274, 2, 311, '2024-12-01 02:03:34', '2024-12-09 13:52:20', 1);
INSERT INTO `lends` VALUES (275, 1, 61, '2024-12-01 19:10:17', '2024-12-08 09:42:15', 0);
INSERT INTO `lends` VALUES (276, 1, 217, '2024-11-30 23:32:25', '2024-12-08 21:31:17', 1);
INSERT INTO `lends` VALUES (277, 2, 292, '2024-12-03 08:56:12', '2024-12-08 22:09:45', 1);
INSERT INTO `lends` VALUES (278, 1, 221, '2024-12-02 01:38:36', '2024-12-09 00:11:38', 0);
INSERT INTO `lends` VALUES (279, 1, 6, '2024-12-02 15:32:15', '2024-12-08 21:12:42', 0);
INSERT INTO `lends` VALUES (280, 1, 286, '2024-12-07 09:16:01', '2024-12-09 04:46:20', 1);
INSERT INTO `lends` VALUES (281, 1, 41, '2024-12-01 07:49:07', '2024-12-10 15:49:29', 1);
INSERT INTO `lends` VALUES (282, 1, 288, '2024-12-01 23:37:27', '2024-12-08 14:25:46', 1);
INSERT INTO `lends` VALUES (283, 2, 18, '2024-12-07 01:58:49', '2024-12-08 22:19:02', 1);
INSERT INTO `lends` VALUES (284, 2, 180, '2024-11-30 03:07:42', '2024-12-09 15:59:58', 1);
INSERT INTO `lends` VALUES (285, 1, 274, '2024-12-03 07:48:45', '2024-12-08 18:51:25', 1);
INSERT INTO `lends` VALUES (286, 2, 182, '2024-12-01 23:24:54', '2024-12-09 11:36:01', 0);
INSERT INTO `lends` VALUES (287, 2, 270, '2024-12-06 09:30:06', '2024-12-09 00:23:32', 0);
INSERT INTO `lends` VALUES (288, 2, 165, '2024-12-05 22:42:40', '2024-12-10 08:28:49', 1);
INSERT INTO `lends` VALUES (289, 2, 18, '2024-12-03 12:34:08', '2024-12-09 10:30:31', 1);
INSERT INTO `lends` VALUES (290, 2, 72, '2024-11-30 10:31:55', '2024-12-08 09:50:24', 1);
INSERT INTO `lends` VALUES (291, 1, 106, '2024-11-30 16:58:16', '2024-12-09 07:40:51', 1);
INSERT INTO `lends` VALUES (292, 2, 91, '2024-11-30 07:16:48', '2024-12-08 04:49:22', 0);
INSERT INTO `lends` VALUES (293, 1, 24, '2024-12-04 20:19:42', '2024-12-09 19:08:06', 0);
INSERT INTO `lends` VALUES (294, 1, 161, '2024-12-01 16:25:38', '2024-12-10 09:47:22', 1);
INSERT INTO `lends` VALUES (295, 2, 70, '2024-12-03 05:15:18', '2024-12-09 12:59:01', 0);
INSERT INTO `lends` VALUES (296, 2, 191, '2024-12-01 12:22:04', '2024-12-10 10:08:59', 1);
INSERT INTO `lends` VALUES (297, 1, 294, '2024-12-06 07:04:41', '2024-12-09 19:25:30', 0);
INSERT INTO `lends` VALUES (298, 1, 296, '2024-12-03 06:04:45', '2024-12-10 01:57:40', 0);
INSERT INTO `lends` VALUES (299, 2, 245, '2024-12-07 01:54:38', '2024-12-08 21:43:25', 0);
INSERT INTO `lends` VALUES (300, 2, 327, '2024-12-05 22:47:06', '2024-12-09 07:52:13', 0);
INSERT INTO `lends` VALUES (301, 2, 207, '2024-12-06 17:57:21', '2024-12-10 10:15:29', 1);
INSERT INTO `lends` VALUES (302, 2, 49, '2024-12-05 20:51:09', '2024-12-10 00:49:27', 1);
INSERT INTO `lends` VALUES (303, 2, 159, '2024-12-07 17:30:08', '2024-12-10 20:40:54', 0);
INSERT INTO `lends` VALUES (304, 2, 228, '2024-12-02 05:28:10', '2024-12-08 23:26:31', 1);
INSERT INTO `lends` VALUES (305, 2, 282, '2024-12-02 23:39:58', '2024-12-09 22:41:21', 1);
INSERT INTO `lends` VALUES (306, 1, 314, '2024-12-05 22:38:39', '2024-12-08 09:07:19', 0);
INSERT INTO `lends` VALUES (307, 2, 19, '2024-12-02 10:24:13', '2024-12-09 10:09:18', 0);
INSERT INTO `lends` VALUES (308, 2, 108, '2024-12-04 07:30:07', '2024-12-09 12:45:15', 0);
INSERT INTO `lends` VALUES (309, 2, 189, '2024-12-03 01:55:40', '2024-12-08 02:00:20', 0);
INSERT INTO `lends` VALUES (310, 1, 50, '2024-12-02 21:36:43', '2024-12-10 21:33:35', 0);
INSERT INTO `lends` VALUES (311, 2, 327, '2024-12-06 07:25:45', '2024-12-08 19:36:24', 1);
INSERT INTO `lends` VALUES (312, 1, 315, '2024-12-06 16:48:52', '2024-12-10 06:03:51', 0);
INSERT INTO `lends` VALUES (313, 1, 304, '2024-12-02 02:23:58', '2024-12-08 07:04:48', 1);
INSERT INTO `lends` VALUES (314, 2, 142, '2024-12-03 12:41:01', '2024-12-10 22:39:37', 1);
INSERT INTO `lends` VALUES (315, 2, 242, '2024-12-06 16:09:00', '2024-12-09 05:40:57', 1);
INSERT INTO `lends` VALUES (316, 2, 165, '2024-12-03 18:18:02', '2024-12-10 13:57:31', 1);
INSERT INTO `lends` VALUES (317, 1, 116, '2024-11-30 07:36:39', '2024-12-10 19:03:39', 1);
INSERT INTO `lends` VALUES (318, 2, 24, '2024-12-01 19:28:07', '2024-12-09 08:22:26', 0);
INSERT INTO `lends` VALUES (319, 1, 270, '2024-12-01 03:03:46', '2024-12-10 11:05:00', 1);
INSERT INTO `lends` VALUES (320, 1, 334, '2024-12-06 03:55:05', '2024-12-09 05:00:30', 0);
INSERT INTO `lends` VALUES (321, 2, 8, '2024-11-30 12:35:27', '2024-12-09 12:11:39', 1);
INSERT INTO `lends` VALUES (322, 1, 122, '2024-12-04 15:29:02', '2024-12-09 16:35:10', 1);
INSERT INTO `lends` VALUES (323, 1, 6, '2024-11-30 14:43:58', '2024-12-09 00:23:48', 0);
INSERT INTO `lends` VALUES (324, 2, 326, '2024-12-01 03:42:36', '2024-12-09 03:13:49', 0);
INSERT INTO `lends` VALUES (325, 2, 161, '2024-12-07 02:23:03', '2024-12-08 17:06:33', 1);
INSERT INTO `lends` VALUES (326, 2, 15, '2024-12-05 13:44:54', '2024-12-10 00:58:43', 0);
INSERT INTO `lends` VALUES (327, 1, 264, '2024-12-01 00:32:29', '2024-12-08 21:02:00', 0);
INSERT INTO `lends` VALUES (328, 1, 177, '2024-12-01 23:16:48', '2024-12-10 10:19:09', 1);
INSERT INTO `lends` VALUES (329, 1, 127, '2024-12-06 23:10:14', '2024-12-10 18:33:43', 0);
INSERT INTO `lends` VALUES (330, 2, 6, '2024-12-04 06:01:42', '2024-12-08 07:19:43', 0);
INSERT INTO `lends` VALUES (331, 1, 43, '2024-12-05 17:50:27', '2024-12-08 14:56:31', 1);
INSERT INTO `lends` VALUES (332, 2, 106, '2024-12-01 11:29:37', '2024-12-08 00:07:10', 0);
INSERT INTO `lends` VALUES (333, 1, 24, '2024-12-06 21:14:50', '2024-12-09 16:04:58', 0);
INSERT INTO `lends` VALUES (334, 1, 196, '2024-12-05 11:20:50', '2024-12-10 19:17:02', 1);
INSERT INTO `lends` VALUES (335, 2, 179, '2024-12-04 18:46:04', '2024-12-10 17:54:47', 1);
INSERT INTO `lends` VALUES (336, 1, 250, '2024-12-01 21:59:35', '2024-12-08 14:27:39', 1);
INSERT INTO `lends` VALUES (337, 2, 134, '2024-11-30 07:03:27', '2024-12-09 06:10:19', 1);
INSERT INTO `lends` VALUES (338, 1, 315, '2024-12-02 01:29:34', '2024-12-10 01:05:21', 1);
INSERT INTO `lends` VALUES (339, 1, 281, '2024-11-30 08:47:20', '2024-12-09 19:42:42', 0);
INSERT INTO `lends` VALUES (340, 1, 212, '2024-12-07 11:51:20', '2024-12-10 00:57:15', 1);
INSERT INTO `lends` VALUES (341, 2, 10, '2024-12-02 01:14:15', '2024-12-08 23:20:33', 0);
INSERT INTO `lends` VALUES (342, 1, 44, '2024-12-01 15:40:26', '2024-12-08 16:38:25', 0);
INSERT INTO `lends` VALUES (343, 2, 256, '2024-12-04 04:00:21', '2024-12-09 17:18:46', 1);
INSERT INTO `lends` VALUES (344, 2, 71, '2024-12-07 00:17:13', '2024-12-08 11:35:49', 0);
INSERT INTO `lends` VALUES (345, 1, 196, '2024-12-03 17:10:10', '2024-12-08 09:46:16', 0);
INSERT INTO `lends` VALUES (346, 2, 237, '2024-12-01 04:38:48', '2024-12-08 00:04:52', 0);
INSERT INTO `lends` VALUES (347, 2, 142, '2024-12-01 23:28:58', '2024-12-10 02:59:29', 0);
INSERT INTO `lends` VALUES (348, 1, 36, '2024-12-02 23:13:11', '2024-12-09 20:05:22', 1);
INSERT INTO `lends` VALUES (349, 1, 307, '2024-11-30 21:00:21', '2024-12-08 19:15:17', 0);
INSERT INTO `lends` VALUES (350, 2, 115, '2024-11-30 00:27:22', '2024-12-08 13:06:35', 1);
INSERT INTO `lends` VALUES (351, 2, 156, '2024-12-02 04:26:09', '2024-12-09 22:54:20', 0);
INSERT INTO `lends` VALUES (352, 1, 260, '2024-12-04 08:33:38', '2024-12-09 13:48:03', 1);
INSERT INTO `lends` VALUES (353, 2, 330, '2024-12-04 00:28:55', '2024-12-10 03:59:38', 0);
INSERT INTO `lends` VALUES (354, 2, 331, '2024-12-05 13:56:52', '2024-12-10 00:17:09', 0);
INSERT INTO `lends` VALUES (355, 1, 173, '2024-12-01 17:09:21', '2024-12-10 13:15:56', 1);
INSERT INTO `lends` VALUES (356, 1, 333, '2024-12-05 01:21:19', '2024-12-08 04:27:40', 1);
INSERT INTO `lends` VALUES (357, 1, 250, '2024-12-03 11:23:27', '2024-12-08 04:53:49', 1);
INSERT INTO `lends` VALUES (358, 1, 264, '2024-12-02 15:38:13', '2024-12-08 01:02:11', 0);
INSERT INTO `lends` VALUES (359, 1, 55, '2024-12-05 14:59:45', '2024-12-08 20:53:04', 1);
INSERT INTO `lends` VALUES (360, 1, 35, '2024-12-07 09:52:42', '2024-12-10 03:25:00', 0);
INSERT INTO `lends` VALUES (361, 2, 321, '2024-12-03 13:21:21', '2024-12-10 05:30:23', 1);
INSERT INTO `lends` VALUES (362, 1, 318, '2024-11-30 03:58:09', '2024-12-09 08:06:45', 0);
INSERT INTO `lends` VALUES (363, 1, 151, '2024-12-06 02:46:15', '2024-12-10 08:41:56', 0);
INSERT INTO `lends` VALUES (364, 1, 60, '2024-12-01 16:03:24', '2024-12-08 01:58:37', 0);
INSERT INTO `lends` VALUES (365, 2, 59, '2024-12-07 16:05:35', '2024-12-09 02:26:44', 0);
INSERT INTO `lends` VALUES (366, 2, 28, '2024-12-01 08:58:35', '2024-12-08 21:07:28', 0);
INSERT INTO `lends` VALUES (367, 1, 255, '2024-12-03 17:21:12', '2024-12-09 03:57:54', 0);
INSERT INTO `lends` VALUES (368, 2, 304, '2024-12-04 08:45:58', '2024-12-09 12:32:13', 0);
INSERT INTO `lends` VALUES (369, 2, 33, '2024-12-07 10:00:58', '2024-12-10 17:17:09', 0);
INSERT INTO `lends` VALUES (370, 2, 277, '2024-12-07 13:45:29', '2024-12-08 22:44:50', 0);
INSERT INTO `lends` VALUES (371, 1, 184, '2024-12-03 12:38:09', '2024-12-10 00:20:07', 1);
INSERT INTO `lends` VALUES (372, 1, 167, '2024-12-04 19:55:36', '2024-12-10 13:18:06', 0);
INSERT INTO `lends` VALUES (373, 1, 57, '2024-12-06 10:45:43', '2024-12-09 11:59:15', 1);
INSERT INTO `lends` VALUES (374, 2, 301, '2024-12-06 08:00:24', '2024-12-10 18:57:38', 1);
INSERT INTO `lends` VALUES (375, 1, 156, '2024-12-02 13:16:45', '2024-12-10 18:48:22', 1);
INSERT INTO `lends` VALUES (376, 1, 318, '2024-12-02 00:30:51', '2024-12-09 21:47:35', 0);
INSERT INTO `lends` VALUES (377, 2, 108, '2024-12-07 11:43:20', '2024-12-09 01:15:39', 0);
INSERT INTO `lends` VALUES (378, 2, 235, '2024-12-01 11:26:56', '2024-12-10 19:25:14', 1);
INSERT INTO `lends` VALUES (379, 2, 278, '2024-12-05 14:47:09', '2024-12-10 13:24:58', 0);
INSERT INTO `lends` VALUES (380, 1, 245, '2024-12-07 10:12:33', '2024-12-08 10:11:06', 0);
INSERT INTO `lends` VALUES (381, 2, 131, '2024-12-01 21:36:32', '2024-12-10 14:15:30', 0);
INSERT INTO `lends` VALUES (382, 1, 49, '2024-12-07 06:20:32', '2024-12-09 10:48:47', 1);
INSERT INTO `lends` VALUES (383, 1, 37, '2024-12-07 14:28:51', '2024-12-09 01:58:34', 1);
INSERT INTO `lends` VALUES (384, 1, 112, '2024-12-05 01:14:46', '2024-12-08 18:57:15', 1);
INSERT INTO `lends` VALUES (385, 1, 105, '2024-12-02 19:28:20', '2024-12-08 20:16:08', 1);
INSERT INTO `lends` VALUES (386, 1, 137, '2024-12-02 16:32:04', '2024-12-10 19:11:06', 0);
INSERT INTO `lends` VALUES (387, 1, 186, '2024-11-30 08:07:43', '2024-12-08 23:40:50', 0);
INSERT INTO `lends` VALUES (388, 1, 293, '2024-12-04 16:30:26', '2024-12-10 03:45:29', 0);
INSERT INTO `lends` VALUES (389, 1, 17, '2024-12-05 17:12:17', '2024-12-08 14:25:30', 1);
INSERT INTO `lends` VALUES (390, 1, 250, '2024-11-30 18:31:41', '2024-12-09 04:02:11', 1);
INSERT INTO `lends` VALUES (391, 2, 171, '2024-12-07 20:30:32', '2024-12-08 11:38:15', 1);
INSERT INTO `lends` VALUES (392, 2, 94, '2024-12-03 00:11:30', '2024-12-10 16:09:16', 0);
INSERT INTO `lends` VALUES (393, 2, 164, '2024-11-30 22:26:04', '2024-12-09 06:50:35', 0);
INSERT INTO `lends` VALUES (394, 1, 314, '2024-12-02 19:50:42', '2024-12-10 10:37:32', 0);
INSERT INTO `lends` VALUES (395, 2, 73, '2024-12-02 09:34:57', '2024-12-08 08:03:00', 0);
INSERT INTO `lends` VALUES (396, 2, 229, '2024-12-02 06:19:35', '2024-12-10 07:44:32', 1);
INSERT INTO `lends` VALUES (397, 2, 214, '2024-12-03 14:23:53', '2024-12-10 05:01:22', 0);
INSERT INTO `lends` VALUES (398, 1, 143, '2024-12-05 18:24:36', '2024-12-10 22:02:13', 1);
INSERT INTO `lends` VALUES (399, 2, 197, '2024-12-01 21:23:53', '2024-12-08 14:10:33', 0);
INSERT INTO `lends` VALUES (400, 2, 168, '2024-12-01 00:18:41', '2024-12-09 22:29:40', 0);
INSERT INTO `lends` VALUES (401, 1, 58, '2024-12-01 03:41:34', '2024-12-08 10:07:50', 0);
INSERT INTO `lends` VALUES (402, 2, 131, '2024-12-01 08:43:53', '2024-12-10 16:14:13', 0);
INSERT INTO `lends` VALUES (403, 1, 266, '2024-11-30 08:43:46', '2024-12-09 17:19:00', 0);
INSERT INTO `lends` VALUES (404, 2, 244, '2024-12-07 20:35:33', '2024-12-08 20:54:28', 0);
INSERT INTO `lends` VALUES (405, 2, 224, '2024-12-04 22:40:25', '2024-12-09 14:20:02', 1);
INSERT INTO `lends` VALUES (406, 2, 300, '2024-12-04 18:52:11', '2024-12-08 09:08:49', 0);
INSERT INTO `lends` VALUES (407, 1, 285, '2024-11-30 17:29:54', '2024-12-08 20:12:48', 1);
INSERT INTO `lends` VALUES (408, 1, 8, '2024-12-05 19:45:02', '2024-12-08 13:10:20', 0);
INSERT INTO `lends` VALUES (409, 2, 6, '2024-12-03 07:40:15', '2024-12-10 18:25:32', 0);
INSERT INTO `lends` VALUES (410, 2, 92, '2024-12-05 15:48:13', '2024-12-09 02:02:57', 0);
INSERT INTO `lends` VALUES (411, 2, 8, '2024-12-01 18:39:47', '2024-12-09 12:33:34', 1);
INSERT INTO `lends` VALUES (412, 2, 115, '2024-12-04 11:32:14', '2024-12-08 21:10:48', 1);
INSERT INTO `lends` VALUES (413, 2, 299, '2024-12-04 04:39:58', '2024-12-09 02:54:35', 0);
INSERT INTO `lends` VALUES (414, 2, 102, '2024-12-03 23:51:37', '2024-12-10 19:25:00', 0);
INSERT INTO `lends` VALUES (415, 2, 327, '2024-12-05 14:06:24', '2024-12-09 10:24:19', 0);
INSERT INTO `lends` VALUES (416, 2, 127, '2024-12-01 10:54:26', '2024-12-09 10:53:05', 0);
INSERT INTO `lends` VALUES (417, 2, 133, '2024-12-02 23:12:02', '2024-12-10 15:23:10', 1);
INSERT INTO `lends` VALUES (418, 1, 82, '2024-12-07 04:07:31', '2024-12-08 16:13:55', 0);
INSERT INTO `lends` VALUES (419, 1, 125, '2024-12-06 10:02:20', '2024-12-10 20:44:38', 0);
INSERT INTO `lends` VALUES (420, 2, 52, '2024-12-02 10:34:56', '2024-12-09 13:16:15', 0);
INSERT INTO `lends` VALUES (421, 2, 159, '2024-11-30 10:04:36', '2024-12-10 09:26:43', 1);
INSERT INTO `lends` VALUES (422, 1, 315, '2024-12-03 10:05:47', '2024-12-08 10:04:51', 0);
INSERT INTO `lends` VALUES (423, 1, 300, '2024-12-03 15:20:23', '2024-12-10 08:38:24', 1);
INSERT INTO `lends` VALUES (424, 2, 30, '2024-12-04 16:57:09', '2024-12-08 10:16:14', 0);
INSERT INTO `lends` VALUES (425, 2, 207, '2024-12-03 23:33:51', '2024-12-10 09:53:06', 0);
INSERT INTO `lends` VALUES (426, 2, 68, '2024-12-02 17:32:24', '2024-12-10 23:31:05', 0);
INSERT INTO `lends` VALUES (427, 1, 243, '2024-11-30 15:49:03', '2024-12-08 15:01:54', 0);
INSERT INTO `lends` VALUES (428, 2, 87, '2024-12-02 11:48:19', '2024-12-10 01:53:07', 0);
INSERT INTO `lends` VALUES (429, 2, 30, '2024-12-05 04:44:26', '2024-12-08 17:29:00', 0);
INSERT INTO `lends` VALUES (430, 1, 292, '2024-12-03 12:18:50', '2024-12-08 22:42:07', 1);
INSERT INTO `lends` VALUES (431, 1, 67, '2024-11-30 14:54:01', '2024-12-10 00:04:44', 1);
INSERT INTO `lends` VALUES (432, 2, 168, '2024-12-04 15:45:56', '2024-12-09 14:34:58', 1);
INSERT INTO `lends` VALUES (433, 2, 27, '2024-11-30 17:09:58', '2024-12-08 18:45:02', 0);
INSERT INTO `lends` VALUES (434, 2, 267, '2024-12-01 15:05:07', '2024-12-09 12:02:19', 0);
INSERT INTO `lends` VALUES (435, 1, 65, '2024-12-01 00:09:43', '2024-12-10 03:00:26', 0);
INSERT INTO `lends` VALUES (436, 2, 164, '2024-12-06 02:26:09', '2024-12-08 01:38:08', 0);
INSERT INTO `lends` VALUES (437, 2, 52, '2024-12-04 08:44:32', '2024-12-09 01:33:16', 1);
INSERT INTO `lends` VALUES (438, 1, 313, '2024-12-05 21:27:56', '2024-12-10 22:10:16', 1);
INSERT INTO `lends` VALUES (439, 1, 127, '2024-12-06 17:55:54', '2024-12-09 13:06:28', 0);
INSERT INTO `lends` VALUES (440, 2, 167, '2024-12-01 00:17:51', '2024-12-10 05:42:35', 0);
INSERT INTO `lends` VALUES (441, 2, 335, '2024-12-07 02:04:04', '2024-12-08 19:02:15', 1);
INSERT INTO `lends` VALUES (442, 2, 277, '2024-12-03 07:45:08', '2024-12-09 10:31:05', 0);
INSERT INTO `lends` VALUES (443, 2, 2, '2024-12-07 08:29:36', '2024-12-08 13:03:59', 1);
INSERT INTO `lends` VALUES (444, 2, 142, '2024-12-05 03:58:56', '2024-12-08 04:49:51', 0);
INSERT INTO `lends` VALUES (445, 2, 294, '2024-12-04 18:01:39', '2024-12-09 02:29:07', 0);
INSERT INTO `lends` VALUES (446, 1, 10, '2024-12-03 09:05:38', '2024-12-09 17:59:29', 1);
INSERT INTO `lends` VALUES (447, 1, 54, '2024-12-04 19:11:44', '2024-12-08 19:22:33', 0);
INSERT INTO `lends` VALUES (448, 1, 224, '2024-12-06 09:37:33', '2024-12-08 06:26:07', 0);
INSERT INTO `lends` VALUES (449, 1, 119, '2024-11-30 08:04:49', '2024-12-08 16:37:29', 1);
INSERT INTO `lends` VALUES (450, 2, 196, '2024-11-30 18:35:15', '2024-12-08 04:16:54', 1);
INSERT INTO `lends` VALUES (451, 1, 23, '2024-11-30 18:56:22', '2024-12-10 05:20:56', 0);
INSERT INTO `lends` VALUES (452, 2, 180, '2024-12-01 16:31:32', '2024-12-08 11:30:35', 0);
INSERT INTO `lends` VALUES (453, 2, 285, '2024-12-03 05:01:17', '2024-12-09 02:54:38', 0);
INSERT INTO `lends` VALUES (454, 2, 27, '2024-12-04 05:24:51', '2024-12-08 07:54:26', 1);
INSERT INTO `lends` VALUES (455, 1, 143, '2024-12-04 05:09:56', '2024-12-09 04:56:05', 1);
INSERT INTO `lends` VALUES (456, 2, 206, '2024-11-30 12:36:03', '2024-12-10 23:56:09', 1);
INSERT INTO `lends` VALUES (457, 2, 147, '2024-12-02 18:35:50', '2024-12-10 01:09:03', 0);
INSERT INTO `lends` VALUES (458, 1, 54, '2024-12-04 04:25:22', '2024-12-09 15:41:29', 1);
INSERT INTO `lends` VALUES (459, 2, 298, '2024-12-01 19:44:48', '2024-12-10 19:21:54', 0);
INSERT INTO `lends` VALUES (460, 2, 36, '2024-12-02 07:40:51', '2024-12-09 06:31:34', 1);
INSERT INTO `lends` VALUES (461, 1, 188, '2024-12-02 12:07:31', '2024-12-10 02:37:59', 0);
INSERT INTO `lends` VALUES (462, 1, 262, '2024-12-04 00:59:20', '2024-12-09 19:41:58', 0);
INSERT INTO `lends` VALUES (463, 2, 120, '2024-12-06 05:07:46', '2024-12-09 20:39:07', 0);
INSERT INTO `lends` VALUES (464, 1, 113, '2024-11-30 19:03:02', '2024-12-09 21:45:05', 0);
INSERT INTO `lends` VALUES (465, 2, 318, '2024-12-07 07:53:31', '2024-12-10 09:26:03', 1);
INSERT INTO `lends` VALUES (466, 2, 175, '2024-12-02 14:11:35', '2024-12-08 07:25:10', 1);
INSERT INTO `lends` VALUES (467, 2, 107, '2024-12-06 15:21:41', '2024-12-08 20:20:43', 1);
INSERT INTO `lends` VALUES (468, 1, 222, '2024-12-01 23:27:24', '2024-12-09 08:45:10', 1);
INSERT INTO `lends` VALUES (469, 2, 209, '2024-12-06 09:31:40', '2024-12-09 10:50:39', 0);
INSERT INTO `lends` VALUES (470, 1, 180, '2024-12-02 09:58:17', '2024-12-10 00:49:45', 0);
INSERT INTO `lends` VALUES (471, 1, 282, '2024-12-01 23:45:07', '2024-12-08 05:30:19', 0);
INSERT INTO `lends` VALUES (472, 2, 66, '2024-12-04 02:29:23', '2024-12-10 19:20:24', 1);
INSERT INTO `lends` VALUES (473, 2, 208, '2024-12-06 22:59:14', '2024-12-09 10:52:24', 1);
INSERT INTO `lends` VALUES (474, 2, 37, '2024-12-04 14:01:16', '2024-12-10 12:02:47', 0);
INSERT INTO `lends` VALUES (475, 2, 232, '2024-11-30 05:16:28', '2024-12-08 01:33:23', 0);
INSERT INTO `lends` VALUES (476, 1, 171, '2024-12-06 00:51:34', '2024-12-10 19:56:21', 0);
INSERT INTO `lends` VALUES (477, 2, 227, '2024-12-07 15:03:57', '2024-12-10 20:21:58', 1);
INSERT INTO `lends` VALUES (478, 1, 96, '2024-12-02 02:09:00', '2024-12-08 11:26:11', 1);
INSERT INTO `lends` VALUES (479, 1, 120, '2024-11-30 22:26:21', '2024-12-08 03:19:05', 1);
INSERT INTO `lends` VALUES (480, 2, 76, '2024-12-07 15:11:31', '2024-12-08 08:42:49', 1);
INSERT INTO `lends` VALUES (481, 2, 193, '2024-12-01 05:23:37', '2024-12-09 03:18:51', 1);
INSERT INTO `lends` VALUES (482, 1, 66, '2024-12-02 01:16:31', '2024-12-10 14:12:30', 0);
INSERT INTO `lends` VALUES (483, 2, 28, '2024-11-30 00:25:19', '2024-12-09 13:12:49', 1);
INSERT INTO `lends` VALUES (484, 1, 231, '2024-12-07 14:40:37', '2024-12-09 20:50:17', 0);
INSERT INTO `lends` VALUES (485, 2, 92, '2024-11-30 16:28:49', '2024-12-08 12:28:34', 1);
INSERT INTO `lends` VALUES (486, 1, 313, '2024-12-05 05:35:34', '2024-12-09 18:39:04', 1);
INSERT INTO `lends` VALUES (487, 1, 265, '2024-11-30 09:14:46', '2024-12-08 19:39:43', 1);
INSERT INTO `lends` VALUES (488, 2, 313, '2024-12-07 23:05:52', '2024-12-10 07:09:16', 0);
INSERT INTO `lends` VALUES (489, 2, 291, '2024-12-03 18:36:28', '2024-12-08 16:50:50', 0);
INSERT INTO `lends` VALUES (490, 1, 279, '2024-12-02 14:06:19', '2024-12-08 22:14:53', 1);
INSERT INTO `lends` VALUES (491, 1, 269, '2024-12-01 13:26:32', '2024-12-09 13:40:12', 1);
INSERT INTO `lends` VALUES (492, 2, 49, '2024-11-30 16:31:47', '2024-12-10 10:52:08', 0);
INSERT INTO `lends` VALUES (493, 2, 171, '2024-12-06 17:41:23', '2024-12-08 20:24:56', 1);
INSERT INTO `lends` VALUES (494, 1, 61, '2024-12-05 03:03:21', '2024-12-10 06:25:52', 0);
INSERT INTO `lends` VALUES (495, 2, 187, '2024-12-01 04:06:01', '2024-12-08 02:03:35', 0);
INSERT INTO `lends` VALUES (496, 2, 11, '2024-12-02 14:28:56', '2024-12-10 12:54:12', 0);
INSERT INTO `lends` VALUES (497, 2, 245, '2024-12-02 16:51:17', '2024-12-10 05:58:22', 1);
INSERT INTO `lends` VALUES (498, 2, 326, '2024-12-02 09:06:15', '2024-12-10 00:49:06', 0);
INSERT INTO `lends` VALUES (499, 2, 77, '2024-12-02 20:00:01', '2024-12-08 14:14:04', 1);
INSERT INTO `lends` VALUES (500, 2, 139, '2024-12-07 00:57:55', '2024-12-08 13:45:06', 1);
INSERT INTO `lends` VALUES (501, 1, 27, '2024-12-02 11:05:46', '2024-12-08 09:03:43', 0);
INSERT INTO `lends` VALUES (502, 2, 13, '2024-12-03 11:21:20', '2024-12-10 20:44:43', 1);
INSERT INTO `lends` VALUES (503, 2, 293, '2024-12-05 13:45:31', '2024-12-10 05:25:08', 0);
INSERT INTO `lends` VALUES (504, 1, 32, '2024-12-04 22:48:02', '2024-12-09 18:13:09', 1);
INSERT INTO `lends` VALUES (505, 1, 1, '2024-11-30 23:18:38', '2024-12-09 02:23:15', 0);
INSERT INTO `lends` VALUES (506, 2, 200, '2024-12-02 11:21:20', '2024-12-09 12:33:17', 1);
INSERT INTO `lends` VALUES (507, 2, 96, '2024-12-04 17:34:00', '2024-12-09 00:08:54', 0);
INSERT INTO `lends` VALUES (508, 1, 172, '2024-12-07 21:43:34', '2024-12-08 15:30:27', 1);
INSERT INTO `lends` VALUES (509, 2, 155, '2024-12-01 21:40:12', '2024-12-08 11:12:38', 1);
INSERT INTO `lends` VALUES (510, 2, 192, '2024-12-04 08:21:55', '2024-12-10 23:26:15', 1);
INSERT INTO `lends` VALUES (511, 2, 60, '2024-12-01 17:06:46', '2024-12-09 21:04:47', 1);
INSERT INTO `lends` VALUES (512, 1, 153, '2024-12-05 08:31:29', '2024-12-10 15:41:52', 0);
INSERT INTO `lends` VALUES (513, 1, 165, '2024-12-06 12:19:37', '2024-12-09 14:51:14', 0);
INSERT INTO `lends` VALUES (514, 2, 107, '2024-12-06 20:49:18', '2024-12-08 22:02:12', 0);
INSERT INTO `lends` VALUES (515, 2, 16, '2024-11-30 18:43:13', '2024-12-09 13:21:11', 1);
INSERT INTO `lends` VALUES (516, 1, 6, '2024-12-03 01:42:03', '2024-12-08 04:58:17', 1);
INSERT INTO `lends` VALUES (517, 2, 332, '2024-12-05 21:25:20', '2024-12-09 18:01:07', 1);
INSERT INTO `lends` VALUES (518, 2, 286, '2024-12-07 00:30:42', '2024-12-08 13:51:31', 0);
INSERT INTO `lends` VALUES (519, 1, 189, '2024-12-03 04:02:05', '2024-12-09 06:29:04', 1);
INSERT INTO `lends` VALUES (520, 1, 327, '2024-11-30 12:12:00', '2024-12-09 11:04:45', 1);
INSERT INTO `lends` VALUES (521, 2, 98, '2024-12-04 01:09:43', '2024-12-08 10:15:53', 1);
INSERT INTO `lends` VALUES (522, 2, 258, '2024-12-02 15:08:07', '2024-12-10 10:43:23', 1);
INSERT INTO `lends` VALUES (523, 1, 142, '2024-12-03 06:03:14', '2024-12-10 23:33:29', 0);
INSERT INTO `lends` VALUES (524, 1, 329, '2024-11-30 12:35:58', '2024-12-10 13:54:33', 0);
INSERT INTO `lends` VALUES (525, 1, 84, '2024-12-03 08:47:17', '2024-12-10 07:27:39', 0);
INSERT INTO `lends` VALUES (526, 1, 18, '2024-12-01 13:46:03', '2024-12-09 01:03:07', 1);
INSERT INTO `lends` VALUES (527, 1, 259, '2024-11-30 08:45:47', '2024-12-08 07:50:58', 0);
INSERT INTO `lends` VALUES (528, 2, 115, '2024-12-01 11:29:58', '2024-12-10 21:58:42', 1);
INSERT INTO `lends` VALUES (529, 2, 61, '2024-12-02 10:41:42', '2024-12-10 12:41:35', 0);
INSERT INTO `lends` VALUES (530, 1, 169, '2024-11-30 03:31:00', '2024-12-10 01:46:06', 1);
INSERT INTO `lends` VALUES (531, 2, 333, '2024-12-06 04:09:34', '2024-12-08 01:54:50', 0);
INSERT INTO `lends` VALUES (532, 2, 228, '2024-12-01 19:57:13', '2024-12-09 05:04:07', 1);
INSERT INTO `lends` VALUES (533, 1, 83, '2024-12-04 19:33:44', '2024-12-08 17:12:47', 0);
INSERT INTO `lends` VALUES (534, 2, 20, '2024-12-06 07:58:42', '2024-12-08 16:52:37', 1);
INSERT INTO `lends` VALUES (535, 1, 44, '2024-12-07 04:49:34', '2024-12-08 19:05:59', 0);
INSERT INTO `lends` VALUES (536, 1, 314, '2024-12-03 15:43:22', '2024-12-09 02:30:22', 0);
INSERT INTO `lends` VALUES (537, 1, 311, '2024-12-07 06:30:46', '2024-12-08 21:17:23', 0);
INSERT INTO `lends` VALUES (538, 2, 217, '2024-12-03 16:09:46', '2024-12-10 16:34:26', 0);
INSERT INTO `lends` VALUES (539, 1, 326, '2024-12-05 18:27:30', '2024-12-08 15:07:28', 0);
INSERT INTO `lends` VALUES (540, 2, 109, '2024-12-04 20:37:55', '2024-12-09 20:50:07', 1);
INSERT INTO `lends` VALUES (541, 2, 70, '2024-12-02 01:02:55', '2024-12-10 08:30:40', 1);
INSERT INTO `lends` VALUES (542, 1, 65, '2024-12-06 16:14:25', '2024-12-08 04:56:08', 0);
INSERT INTO `lends` VALUES (543, 2, 198, '2024-12-07 23:16:48', '2024-12-10 19:28:50', 0);
INSERT INTO `lends` VALUES (544, 1, 285, '2024-12-07 00:25:09', '2024-12-08 03:29:44', 1);
INSERT INTO `lends` VALUES (545, 2, 123, '2024-12-03 08:49:58', '2024-12-10 05:14:41', 0);
INSERT INTO `lends` VALUES (546, 2, 164, '2024-12-03 10:54:00', '2024-12-10 13:00:39', 1);
INSERT INTO `lends` VALUES (547, 2, 148, '2024-12-02 18:18:39', '2024-12-08 01:45:38', 1);
INSERT INTO `lends` VALUES (548, 2, 63, '2024-12-05 12:02:54', '2024-12-10 05:49:19', 1);
INSERT INTO `lends` VALUES (549, 2, 2, '2024-11-30 23:25:45', '2024-12-09 02:36:14', 1);
INSERT INTO `lends` VALUES (550, 1, 334, '2024-12-03 05:59:57', '2024-12-10 17:38:02', 0);
INSERT INTO `lends` VALUES (551, 1, 106, '2024-12-07 08:04:31', '2024-12-09 21:22:34', 0);
INSERT INTO `lends` VALUES (552, 1, 223, '2024-12-07 15:47:20', '2024-12-10 13:19:44', 0);
INSERT INTO `lends` VALUES (553, 2, 323, '2024-11-30 20:51:37', '2024-12-08 06:16:22', 0);
INSERT INTO `lends` VALUES (554, 1, 257, '2024-12-01 02:07:05', '2024-12-10 14:54:44', 0);
INSERT INTO `lends` VALUES (555, 2, 292, '2024-12-02 14:35:02', '2024-12-10 20:18:51', 0);
INSERT INTO `lends` VALUES (556, 1, 241, '2024-12-03 03:53:57', '2024-12-10 06:03:37', 0);
INSERT INTO `lends` VALUES (557, 1, 316, '2024-12-07 17:52:30', '2024-12-10 06:38:32', 1);
INSERT INTO `lends` VALUES (558, 1, 276, '2024-12-05 10:02:12', '2024-12-10 10:14:32', 0);
INSERT INTO `lends` VALUES (559, 2, 83, '2024-12-03 03:51:06', '2024-12-08 18:14:38', 1);
INSERT INTO `lends` VALUES (560, 2, 133, '2024-12-01 01:35:21', '2024-12-08 11:27:38', 0);
INSERT INTO `lends` VALUES (561, 1, 204, '2024-12-07 15:11:58', '2024-12-09 07:49:55', 0);
INSERT INTO `lends` VALUES (562, 1, 99, '2024-12-05 19:41:40', '2024-12-09 06:41:37', 1);
INSERT INTO `lends` VALUES (563, 2, 186, '2024-12-06 17:22:30', '2024-12-10 00:39:32', 1);
INSERT INTO `lends` VALUES (564, 2, 109, '2024-12-05 04:09:45', '2024-12-08 00:50:12', 0);
INSERT INTO `lends` VALUES (565, 2, 312, '2024-12-07 15:22:25', '2024-12-09 22:17:55', 1);
INSERT INTO `lends` VALUES (566, 1, 233, '2024-12-01 01:44:35', '2024-12-09 00:26:00', 0);
INSERT INTO `lends` VALUES (567, 1, 58, '2024-12-04 15:30:38', '2024-12-08 11:38:17', 0);
INSERT INTO `lends` VALUES (568, 1, 41, '2024-12-03 02:54:33', '2024-12-08 19:51:59', 1);
INSERT INTO `lends` VALUES (569, 1, 114, '2024-12-04 20:06:37', '2024-12-08 09:18:58', 0);
INSERT INTO `lends` VALUES (570, 1, 109, '2024-12-04 12:29:14', '2024-12-10 20:07:06', 1);
INSERT INTO `lends` VALUES (571, 1, 228, '2024-12-01 07:14:17', '2024-12-10 23:18:48', 1);
INSERT INTO `lends` VALUES (572, 2, 235, '2024-12-01 21:26:10', '2024-12-10 09:04:34', 0);
INSERT INTO `lends` VALUES (573, 2, 236, '2024-11-30 22:08:36', '2024-12-09 02:25:26', 1);
INSERT INTO `lends` VALUES (574, 1, 218, '2024-12-05 07:00:10', '2024-12-10 14:09:47', 0);
INSERT INTO `lends` VALUES (575, 1, 133, '2024-12-02 03:11:48', '2024-12-10 16:08:18', 0);
INSERT INTO `lends` VALUES (576, 1, 41, '2024-12-04 21:54:22', '2024-12-09 00:13:55', 0);
INSERT INTO `lends` VALUES (577, 1, 87, '2024-12-01 21:37:15', '2024-12-08 23:25:14', 1);
INSERT INTO `lends` VALUES (578, 2, 331, '2024-12-06 09:30:59', '2024-12-10 22:07:12', 1);
INSERT INTO `lends` VALUES (579, 2, 234, '2024-12-07 00:37:28', '2024-12-09 15:19:29', 1);
INSERT INTO `lends` VALUES (580, 2, 196, '2024-12-03 04:28:37', '2024-12-10 14:57:57', 0);
INSERT INTO `lends` VALUES (581, 2, 219, '2024-12-06 16:40:12', '2024-12-10 23:09:42', 1);
INSERT INTO `lends` VALUES (582, 1, 9, '2024-12-03 13:25:29', '2024-12-10 15:07:45', 0);
INSERT INTO `lends` VALUES (583, 2, 22, '2024-12-03 23:39:03', '2024-12-10 18:39:33', 1);
INSERT INTO `lends` VALUES (584, 2, 236, '2024-11-30 08:06:12', '2024-12-08 23:08:23', 0);
INSERT INTO `lends` VALUES (585, 1, 273, '2024-12-02 08:57:09', '2024-12-10 22:36:28', 0);
INSERT INTO `lends` VALUES (586, 1, 240, '2024-12-02 13:03:35', '2024-12-09 06:43:49', 0);
INSERT INTO `lends` VALUES (587, 1, 195, '2024-12-06 07:24:37', '2024-12-10 22:24:27', 1);
INSERT INTO `lends` VALUES (588, 1, 85, '2024-12-01 03:05:25', '2024-12-09 11:14:13', 0);
INSERT INTO `lends` VALUES (589, 2, 176, '2024-12-07 15:54:51', '2024-12-09 18:44:36', 0);
INSERT INTO `lends` VALUES (590, 1, 20, '2024-12-01 15:07:39', '2024-12-10 17:56:31', 0);
INSERT INTO `lends` VALUES (591, 2, 304, '2024-12-01 05:17:05', '2024-12-09 14:09:07', 1);
INSERT INTO `lends` VALUES (592, 1, 127, '2024-12-02 05:29:37', '2024-12-09 04:47:07', 0);
INSERT INTO `lends` VALUES (593, 1, 226, '2024-12-02 06:12:01', '2024-12-08 21:17:25', 0);
INSERT INTO `lends` VALUES (594, 2, 166, '2024-11-30 11:08:52', '2024-12-10 23:30:11', 1);
INSERT INTO `lends` VALUES (595, 2, 100, '2024-12-06 14:45:08', '2024-12-09 23:00:14', 0);
INSERT INTO `lends` VALUES (596, 2, 193, '2024-12-06 10:48:05', '2024-12-09 21:28:20', 0);
INSERT INTO `lends` VALUES (597, 1, 1, '2024-11-30 01:00:23', '2024-12-09 15:03:52', 1);
INSERT INTO `lends` VALUES (598, 1, 311, '2024-12-04 21:22:35', '2024-12-08 23:56:02', 0);
INSERT INTO `lends` VALUES (599, 2, 164, '2024-11-30 13:31:32', '2024-12-08 13:21:26', 0);
INSERT INTO `lends` VALUES (600, 1, 103, '2024-12-02 10:31:35', '2024-12-10 18:07:21', 0);
INSERT INTO `lends` VALUES (601, 1, 301, '2024-12-03 00:15:12', '2024-12-09 22:39:26', 1);
INSERT INTO `lends` VALUES (602, 2, 128, '2024-12-01 20:33:38', '2024-12-09 05:57:19', 0);
INSERT INTO `lends` VALUES (603, 1, 263, '2024-12-05 03:53:53', '2024-12-09 20:21:03', 1);
INSERT INTO `lends` VALUES (604, 2, 150, '2024-12-05 10:04:38', '2024-12-10 12:10:14', 1);
INSERT INTO `lends` VALUES (605, 2, 309, '2024-12-01 16:29:12', '2024-12-09 12:40:42', 1);
INSERT INTO `lends` VALUES (606, 2, 312, '2024-12-01 06:28:43', '2024-12-09 00:22:38', 1);
INSERT INTO `lends` VALUES (607, 2, 32, '2024-11-30 06:01:07', '2024-12-08 08:44:01', 1);
INSERT INTO `lends` VALUES (608, 2, 67, '2024-12-06 20:28:16', '2024-12-08 13:04:12', 0);
INSERT INTO `lends` VALUES (609, 1, 40, '2024-11-30 17:14:30', '2024-12-10 21:45:30', 0);
INSERT INTO `lends` VALUES (610, 2, 312, '2024-12-03 13:17:24', '2024-12-08 13:50:24', 1);
INSERT INTO `lends` VALUES (611, 2, 231, '2024-12-02 13:38:03', '2024-12-10 17:08:48', 0);
INSERT INTO `lends` VALUES (612, 2, 294, '2024-11-30 14:05:17', '2024-12-08 23:01:51', 0);
INSERT INTO `lends` VALUES (613, 1, 161, '2024-12-06 20:55:58', '2024-12-10 18:25:49', 0);
INSERT INTO `lends` VALUES (614, 1, 10, '2024-12-01 11:43:38', '2024-12-09 05:39:47', 1);
INSERT INTO `lends` VALUES (615, 2, 134, '2024-12-06 18:09:56', '2024-12-09 15:30:23', 1);
INSERT INTO `lends` VALUES (616, 2, 142, '2024-12-06 22:40:17', '2024-12-09 22:21:24', 0);
INSERT INTO `lends` VALUES (617, 1, 139, '2024-12-07 10:12:50', '2024-12-10 21:00:06', 1);
INSERT INTO `lends` VALUES (618, 1, 174, '2024-12-01 20:15:17', '2024-12-10 13:31:18', 0);
INSERT INTO `lends` VALUES (619, 2, 65, '2024-12-03 20:10:30', '2024-12-10 04:02:04', 1);
INSERT INTO `lends` VALUES (620, 2, 187, '2024-12-06 15:59:46', '2024-12-10 23:57:53', 0);
INSERT INTO `lends` VALUES (621, 1, 229, '2024-12-05 18:33:45', '2024-12-10 14:07:04', 0);
INSERT INTO `lends` VALUES (622, 1, 3, '2024-12-05 20:24:21', '2024-12-10 19:54:31', 0);
INSERT INTO `lends` VALUES (623, 2, 201, '2024-12-05 01:54:52', '2024-12-09 22:28:06', 1);
INSERT INTO `lends` VALUES (624, 2, 105, '2024-11-30 07:07:16', '2024-12-09 16:10:21', 0);
INSERT INTO `lends` VALUES (625, 1, 109, '2024-12-03 08:04:21', '2024-12-08 10:06:03', 0);
INSERT INTO `lends` VALUES (626, 1, 225, '2024-12-06 19:40:23', '2024-12-08 09:56:22', 1);
INSERT INTO `lends` VALUES (627, 2, 152, '2024-12-02 21:25:32', '2024-12-08 22:19:59', 1);
INSERT INTO `lends` VALUES (628, 1, 147, '2024-12-04 09:38:14', '2024-12-08 10:16:30', 1);
INSERT INTO `lends` VALUES (629, 1, 307, '2024-12-06 14:19:27', '2024-12-10 00:35:10', 1);
INSERT INTO `lends` VALUES (630, 1, 193, '2024-12-01 15:17:07', '2024-12-08 15:50:43', 0);
INSERT INTO `lends` VALUES (631, 2, 63, '2024-11-30 21:32:56', '2024-12-09 17:25:09', 1);
INSERT INTO `lends` VALUES (632, 2, 65, '2024-12-05 06:58:29', '2024-12-10 13:08:15', 1);
INSERT INTO `lends` VALUES (633, 1, 189, '2024-12-02 19:36:15', '2024-12-09 15:10:42', 1);
INSERT INTO `lends` VALUES (634, 1, 162, '2024-12-05 01:19:52', '2024-12-10 09:12:50', 0);
INSERT INTO `lends` VALUES (635, 2, 185, '2024-11-30 06:17:34', '2024-12-10 07:00:33', 1);
INSERT INTO `lends` VALUES (636, 1, 99, '2024-12-05 09:47:44', '2024-12-10 12:58:52', 0);
INSERT INTO `lends` VALUES (637, 2, 326, '2024-12-03 01:48:48', '2024-12-09 12:38:16', 0);
INSERT INTO `lends` VALUES (638, 2, 307, '2024-12-03 08:07:50', '2024-12-10 02:54:00', 0);
INSERT INTO `lends` VALUES (639, 1, 237, '2024-12-01 04:44:23', '2024-12-10 06:28:37', 0);
INSERT INTO `lends` VALUES (640, 2, 138, '2024-12-03 21:43:48', '2024-12-08 22:16:01', 0);
INSERT INTO `lends` VALUES (641, 2, 261, '2024-12-05 10:05:08', '2024-12-10 21:14:51', 0);
INSERT INTO `lends` VALUES (642, 2, 259, '2024-12-05 02:29:07', '2024-12-08 19:12:02', 1);
INSERT INTO `lends` VALUES (643, 2, 90, '2024-11-30 06:15:37', '2024-12-09 06:11:28', 1);
INSERT INTO `lends` VALUES (644, 2, 15, '2024-12-07 23:07:56', '2024-12-08 19:16:01', 0);
INSERT INTO `lends` VALUES (645, 2, 191, '2024-12-02 04:34:00', '2024-12-10 19:35:41', 0);
INSERT INTO `lends` VALUES (646, 1, 67, '2024-12-01 22:12:39', '2024-12-10 21:02:05', 0);
INSERT INTO `lends` VALUES (647, 2, 156, '2024-12-06 10:51:41', '2024-12-10 15:27:49', 0);
INSERT INTO `lends` VALUES (648, 1, 240, '2024-12-07 18:08:17', '2024-12-10 11:48:18', 0);
INSERT INTO `lends` VALUES (649, 1, 127, '2024-12-04 16:44:44', '2024-12-09 22:05:45', 1);
INSERT INTO `lends` VALUES (650, 1, 266, '2024-12-05 20:30:12', '2024-12-10 19:51:38', 1);
INSERT INTO `lends` VALUES (651, 1, 62, '2024-12-06 18:58:37', '2024-12-08 15:26:59', 1);
INSERT INTO `lends` VALUES (652, 2, 297, '2024-12-05 03:31:38', '2024-12-10 12:34:27', 0);
INSERT INTO `lends` VALUES (653, 2, 225, '2024-12-05 08:54:08', '2024-12-10 11:54:11', 0);
INSERT INTO `lends` VALUES (654, 1, 183, '2024-12-07 12:38:49', '2024-12-10 17:10:29', 1);
INSERT INTO `lends` VALUES (655, 1, 302, '2024-12-07 19:41:34', '2024-12-10 09:06:54', 1);
INSERT INTO `lends` VALUES (656, 2, 188, '2024-12-05 00:22:47', '2024-12-08 07:05:23', 0);
INSERT INTO `lends` VALUES (657, 1, 214, '2024-12-04 04:04:11', '2024-12-08 02:07:48', 0);
INSERT INTO `lends` VALUES (658, 2, 244, '2024-12-05 13:55:28', '2024-12-09 11:10:05', 1);
INSERT INTO `lends` VALUES (659, 1, 97, '2024-12-05 04:27:06', '2024-12-09 14:48:28', 0);
INSERT INTO `lends` VALUES (660, 1, 108, '2024-12-07 18:09:01', '2024-12-10 06:29:21', 1);
INSERT INTO `lends` VALUES (661, 1, 304, '2024-11-30 10:05:27', '2024-12-08 15:42:06', 1);
INSERT INTO `lends` VALUES (662, 2, 162, '2024-12-02 14:52:25', '2024-12-09 07:49:03', 0);
INSERT INTO `lends` VALUES (663, 2, 330, '2024-12-06 08:48:01', '2024-12-08 13:22:51', 0);
INSERT INTO `lends` VALUES (664, 1, 221, '2024-12-06 14:08:32', '2024-12-08 17:32:38', 0);
INSERT INTO `lends` VALUES (665, 1, 142, '2024-12-01 12:21:38', '2024-12-09 09:14:42', 1);
INSERT INTO `lends` VALUES (666, 2, 268, '2024-12-04 06:44:52', '2024-12-10 14:06:08', 0);
INSERT INTO `lends` VALUES (667, 1, 89, '2024-12-06 14:20:26', '2024-12-08 18:25:31', 1);
INSERT INTO `lends` VALUES (668, 1, 197, '2024-12-04 22:16:31', '2024-12-10 07:09:19', 0);
INSERT INTO `lends` VALUES (669, 1, 325, '2024-11-30 01:21:00', '2024-12-10 03:14:39', 1);
INSERT INTO `lends` VALUES (670, 1, 14, '2024-12-03 17:33:15', '2024-12-10 09:00:32', 0);
INSERT INTO `lends` VALUES (671, 1, 54, '2024-12-02 01:10:26', '2024-12-09 22:26:33', 0);
INSERT INTO `lends` VALUES (672, 1, 247, '2024-12-01 13:18:30', '2024-12-10 05:43:09', 1);
INSERT INTO `lends` VALUES (673, 1, 329, '2024-12-01 09:38:01', '2024-12-10 06:21:28', 1);
INSERT INTO `lends` VALUES (674, 2, 315, '2024-12-06 16:16:50', '2024-12-10 15:30:58', 1);
INSERT INTO `lends` VALUES (675, 1, 307, '2024-12-02 04:20:45', '2024-12-09 16:06:45', 1);
INSERT INTO `lends` VALUES (676, 2, 315, '2024-12-05 06:30:04', '2024-12-09 02:33:10', 0);
INSERT INTO `lends` VALUES (677, 2, 119, '2024-12-03 03:12:17', '2024-12-08 19:30:58', 1);
INSERT INTO `lends` VALUES (678, 2, 225, '2024-12-03 01:29:22', '2024-12-10 12:03:56', 0);
INSERT INTO `lends` VALUES (679, 1, 4, '2024-12-07 18:34:52', '2024-12-08 20:50:45', 0);
INSERT INTO `lends` VALUES (680, 1, 275, '2024-12-05 04:10:29', '2024-12-09 11:04:44', 1);
INSERT INTO `lends` VALUES (681, 1, 309, '2024-11-30 19:30:51', '2024-12-09 16:14:56', 0);
INSERT INTO `lends` VALUES (682, 2, 300, '2024-12-03 00:42:23', '2024-12-09 21:58:42', 1);
INSERT INTO `lends` VALUES (683, 2, 4, '2024-12-02 01:22:35', '2024-12-09 20:34:26', 0);
INSERT INTO `lends` VALUES (684, 2, 127, '2024-12-01 21:45:14', '2024-12-09 17:43:33', 0);
INSERT INTO `lends` VALUES (685, 2, 176, '2024-12-02 17:27:10', '2024-12-09 03:21:50', 1);
INSERT INTO `lends` VALUES (686, 2, 102, '2024-12-03 08:09:14', '2024-12-10 05:19:18', 1);
INSERT INTO `lends` VALUES (687, 2, 253, '2024-12-03 08:01:05', '2024-12-09 16:40:16', 0);
INSERT INTO `lends` VALUES (688, 2, 54, '2024-12-06 14:05:14', '2024-12-10 12:27:54', 0);
INSERT INTO `lends` VALUES (689, 1, 130, '2024-12-05 06:33:48', '2024-12-10 02:51:36', 1);
INSERT INTO `lends` VALUES (690, 1, 22, '2024-12-04 00:06:06', '2024-12-08 00:42:49', 0);
INSERT INTO `lends` VALUES (691, 2, 184, '2024-12-04 21:09:39', '2024-12-08 06:19:31', 1);
INSERT INTO `lends` VALUES (692, 2, 57, '2024-12-04 02:57:35', '2024-12-10 17:16:47', 1);
INSERT INTO `lends` VALUES (693, 2, 284, '2024-12-02 14:55:33', '2024-12-08 09:24:12', 0);
INSERT INTO `lends` VALUES (694, 2, 100, '2024-12-01 14:59:39', '2024-12-09 11:41:10', 1);
INSERT INTO `lends` VALUES (695, 1, 317, '2024-12-02 01:21:49', '2024-12-09 04:01:39', 1);
INSERT INTO `lends` VALUES (696, 1, 257, '2024-12-02 01:47:51', '2024-12-10 22:03:52', 1);
INSERT INTO `lends` VALUES (697, 2, 93, '2024-12-05 09:33:29', '2024-12-09 03:10:37', 0);
INSERT INTO `lends` VALUES (698, 2, 113, '2024-12-01 12:39:45', '2024-12-09 15:44:57', 1);
INSERT INTO `lends` VALUES (699, 2, 87, '2024-12-03 20:01:02', '2024-12-10 18:38:34', 1);
INSERT INTO `lends` VALUES (700, 1, 257, '2024-11-30 03:56:38', '2024-12-09 17:29:00', 1);
INSERT INTO `lends` VALUES (701, 1, 333, '2024-12-05 01:04:00', '2024-12-09 07:29:50', 1);
INSERT INTO `lends` VALUES (702, 2, 289, '2024-11-30 19:00:38', '2024-12-10 09:28:45', 1);
INSERT INTO `lends` VALUES (703, 1, 287, '2024-12-03 19:45:31', '2024-12-08 14:15:07', 0);
INSERT INTO `lends` VALUES (704, 2, 298, '2024-11-30 16:12:04', '2024-12-09 11:25:18', 0);
INSERT INTO `lends` VALUES (705, 1, 216, '2024-12-03 07:55:33', '2024-12-10 23:14:12', 0);
INSERT INTO `lends` VALUES (706, 1, 205, '2024-12-01 02:36:00', '2024-12-08 16:18:10', 1);
INSERT INTO `lends` VALUES (707, 2, 58, '2024-12-01 02:34:56', '2024-12-08 15:19:30', 1);
INSERT INTO `lends` VALUES (708, 2, 111, '2024-12-06 08:07:27', '2024-12-10 00:25:55', 1);
INSERT INTO `lends` VALUES (709, 2, 157, '2024-11-30 20:36:16', '2024-12-10 11:16:01', 0);
INSERT INTO `lends` VALUES (710, 1, 235, '2024-12-05 06:17:03', '2024-12-10 09:38:51', 0);
INSERT INTO `lends` VALUES (711, 2, 90, '2024-12-06 05:49:47', '2024-12-08 00:57:15', 1);
INSERT INTO `lends` VALUES (712, 1, 260, '2024-12-04 12:37:56', '2024-12-09 21:38:34', 1);
INSERT INTO `lends` VALUES (713, 1, 197, '2024-12-02 08:47:59', '2024-12-09 11:12:49', 1);
INSERT INTO `lends` VALUES (714, 2, 263, '2024-12-04 15:03:23', '2024-12-10 21:43:08', 0);
INSERT INTO `lends` VALUES (715, 1, 159, '2024-12-02 12:25:47', '2024-12-08 16:28:13', 1);
INSERT INTO `lends` VALUES (716, 2, 75, '2024-12-02 15:23:38', '2024-12-08 14:32:34', 1);
INSERT INTO `lends` VALUES (717, 1, 253, '2024-12-01 14:28:42', '2024-12-10 11:38:40', 0);
INSERT INTO `lends` VALUES (718, 1, 226, '2024-12-06 04:23:13', '2024-12-10 22:36:03', 1);
INSERT INTO `lends` VALUES (719, 2, 8, '2024-12-06 17:08:58', '2024-12-08 21:33:34', 1);
INSERT INTO `lends` VALUES (720, 2, 188, '2024-11-30 05:42:36', '2024-12-10 09:22:34', 0);
INSERT INTO `lends` VALUES (721, 1, 256, '2024-11-30 19:16:45', '2024-12-08 10:20:10', 0);
INSERT INTO `lends` VALUES (722, 1, 22, '2024-12-05 14:03:33', '2024-12-10 19:52:06', 0);
INSERT INTO `lends` VALUES (723, 1, 139, '2024-12-05 03:57:33', '2024-12-09 05:51:51', 1);
INSERT INTO `lends` VALUES (724, 2, 71, '2024-12-04 04:59:55', '2024-12-08 00:05:46', 0);
INSERT INTO `lends` VALUES (725, 2, 40, '2024-12-04 09:11:41', '2024-12-10 17:48:04', 1);
INSERT INTO `lends` VALUES (726, 1, 55, '2024-11-30 01:43:28', '2024-12-09 02:06:38', 1);
INSERT INTO `lends` VALUES (727, 2, 98, '2024-12-07 10:02:14', '2024-12-08 19:27:18', 1);
INSERT INTO `lends` VALUES (728, 1, 74, '2024-12-03 01:11:16', '2024-12-08 05:56:39', 1);
INSERT INTO `lends` VALUES (729, 1, 164, '2024-12-05 01:29:52', '2024-12-10 03:05:14', 0);
INSERT INTO `lends` VALUES (730, 1, 246, '2024-12-07 02:30:43', '2024-12-08 12:47:53', 1);
INSERT INTO `lends` VALUES (731, 1, 333, '2024-12-02 06:16:40', '2024-12-08 02:04:35', 1);
INSERT INTO `lends` VALUES (732, 2, 181, '2024-11-30 11:40:34', '2024-12-08 22:54:53', 1);
INSERT INTO `lends` VALUES (733, 2, 247, '2024-11-30 00:44:51', '2024-12-08 20:57:09', 1);
INSERT INTO `lends` VALUES (734, 2, 182, '2024-12-06 14:09:26', '2024-12-08 00:00:44', 1);
INSERT INTO `lends` VALUES (735, 2, 178, '2024-12-02 01:23:09', '2024-12-08 07:23:35', 1);
INSERT INTO `lends` VALUES (736, 2, 48, '2024-11-30 17:54:02', '2024-12-10 20:08:22', 0);
INSERT INTO `lends` VALUES (737, 1, 262, '2024-12-02 15:51:44', '2024-12-10 18:23:09', 1);
INSERT INTO `lends` VALUES (738, 2, 98, '2024-12-06 09:54:03', '2024-12-10 05:08:14', 0);
INSERT INTO `lends` VALUES (739, 1, 255, '2024-12-07 21:35:09', '2024-12-08 15:49:27', 0);
INSERT INTO `lends` VALUES (740, 1, 111, '2024-12-03 17:47:03', '2024-12-10 01:20:46', 0);
INSERT INTO `lends` VALUES (741, 2, 30, '2024-12-02 14:46:15', '2024-12-08 02:57:36', 0);
INSERT INTO `lends` VALUES (742, 1, 299, '2024-12-07 04:52:54', '2024-12-09 01:15:27', 0);
INSERT INTO `lends` VALUES (743, 2, 185, '2024-12-01 09:20:58', '2024-12-08 20:17:59', 1);
INSERT INTO `lends` VALUES (744, 2, 285, '2024-12-03 20:25:53', '2024-12-09 02:12:01', 0);
INSERT INTO `lends` VALUES (745, 1, 208, '2024-12-06 03:06:50', '2024-12-08 00:03:06', 0);
INSERT INTO `lends` VALUES (746, 2, 297, '2024-12-02 19:03:41', '2024-12-10 17:36:24', 1);
INSERT INTO `lends` VALUES (747, 1, 115, '2024-12-01 07:35:31', '2024-12-08 11:00:37', 1);
INSERT INTO `lends` VALUES (748, 1, 286, '2024-12-07 17:37:44', '2024-12-08 21:52:31', 1);
INSERT INTO `lends` VALUES (749, 1, 217, '2024-12-05 21:42:05', '2024-12-10 07:09:29', 0);
INSERT INTO `lends` VALUES (750, 1, 287, '2024-12-01 08:15:00', '2024-12-09 20:11:07', 1);
INSERT INTO `lends` VALUES (751, 1, 25, '2024-12-05 23:05:08', '2024-12-10 23:52:28', 0);
INSERT INTO `lends` VALUES (752, 1, 200, '2024-12-04 21:43:12', '2024-12-10 01:47:51', 0);
INSERT INTO `lends` VALUES (753, 2, 51, '2024-12-05 05:23:12', '2024-12-10 22:59:26', 1);
INSERT INTO `lends` VALUES (754, 1, 223, '2024-12-05 19:46:39', '2024-12-08 08:19:21', 0);
INSERT INTO `lends` VALUES (755, 2, 275, '2024-12-05 07:15:09', '2024-12-08 15:35:25', 0);
INSERT INTO `lends` VALUES (756, 2, 1, '2024-12-03 02:40:09', '2024-12-10 12:04:10', 0);
INSERT INTO `lends` VALUES (757, 1, 176, '2024-12-07 09:25:41', '2024-12-08 00:35:11', 0);
INSERT INTO `lends` VALUES (758, 1, 208, '2024-12-07 04:59:28', '2024-12-09 21:16:27', 1);
INSERT INTO `lends` VALUES (759, 1, 234, '2024-12-04 09:41:19', '2024-12-09 21:15:09', 1);
INSERT INTO `lends` VALUES (760, 1, 37, '2024-11-30 11:46:22', '2024-12-09 09:06:40', 0);
INSERT INTO `lends` VALUES (761, 1, 35, '2024-12-07 08:38:57', '2024-12-08 19:38:08', 0);
INSERT INTO `lends` VALUES (762, 1, 251, '2024-12-01 02:31:09', '2024-12-09 08:29:25', 1);
INSERT INTO `lends` VALUES (763, 1, 116, '2024-12-03 12:52:44', '2024-12-10 12:17:53', 0);
INSERT INTO `lends` VALUES (764, 1, 242, '2024-12-03 18:05:04', '2024-12-08 15:51:19', 0);
INSERT INTO `lends` VALUES (765, 1, 65, '2024-12-05 08:07:52', '2024-12-09 14:36:41', 1);
INSERT INTO `lends` VALUES (766, 1, 136, '2024-12-01 20:17:19', '2024-12-08 23:00:10', 0);
INSERT INTO `lends` VALUES (767, 1, 285, '2024-12-01 11:55:32', '2024-12-09 07:46:28', 1);
INSERT INTO `lends` VALUES (768, 2, 260, '2024-12-01 03:23:15', '2024-12-10 04:24:06', 1);
INSERT INTO `lends` VALUES (769, 1, 20, '2024-12-05 20:30:48', '2024-12-08 04:01:43', 1);
INSERT INTO `lends` VALUES (770, 1, 259, '2024-12-04 22:45:13', '2024-12-09 04:53:09', 1);
INSERT INTO `lends` VALUES (771, 2, 208, '2024-12-06 03:02:03', '2024-12-09 18:07:14', 1);
INSERT INTO `lends` VALUES (772, 1, 288, '2024-12-06 11:39:41', '2024-12-09 07:42:55', 0);
INSERT INTO `lends` VALUES (773, 2, 117, '2024-12-02 21:54:37', '2024-12-08 22:50:11', 0);
INSERT INTO `lends` VALUES (774, 1, 333, '2024-12-05 16:25:50', '2024-12-09 06:32:46', 0);
INSERT INTO `lends` VALUES (775, 2, 226, '2024-12-02 00:23:41', '2024-12-08 01:59:27', 0);
INSERT INTO `lends` VALUES (776, 1, 271, '2024-12-01 09:58:17', '2024-12-10 20:35:37', 1);
INSERT INTO `lends` VALUES (777, 1, 179, '2024-11-30 22:22:59', '2024-12-08 10:31:21', 1);
INSERT INTO `lends` VALUES (778, 2, 72, '2024-12-05 00:48:33', '2024-12-09 03:17:17', 0);
INSERT INTO `lends` VALUES (779, 2, 326, '2024-12-07 20:59:36', '2024-12-09 03:16:54', 1);
INSERT INTO `lends` VALUES (780, 2, 255, '2024-12-03 07:05:50', '2024-12-10 01:41:23', 1);
INSERT INTO `lends` VALUES (781, 2, 8, '2024-12-01 18:49:05', '2024-12-10 02:31:00', 1);
INSERT INTO `lends` VALUES (782, 2, 159, '2024-12-03 10:15:07', '2024-12-10 06:34:41', 1);
INSERT INTO `lends` VALUES (783, 1, 173, '2024-12-06 06:45:34', '2024-12-09 03:15:01', 0);
INSERT INTO `lends` VALUES (784, 1, 276, '2024-12-04 19:55:11', '2024-12-08 16:22:10', 1);
INSERT INTO `lends` VALUES (785, 2, 90, '2024-12-01 02:58:13', '2024-12-08 05:48:58', 1);
INSERT INTO `lends` VALUES (786, 2, 30, '2024-12-03 19:12:57', '2024-12-08 21:01:33', 0);
INSERT INTO `lends` VALUES (787, 1, 299, '2024-11-30 05:43:43', '2024-12-08 20:32:05', 1);
INSERT INTO `lends` VALUES (788, 1, 280, '2024-12-05 14:39:57', '2024-12-10 04:56:09', 1);
INSERT INTO `lends` VALUES (789, 2, 49, '2024-12-06 08:30:19', '2024-12-09 01:00:20', 0);
INSERT INTO `lends` VALUES (790, 1, 298, '2024-11-30 10:27:58', '2024-12-10 03:26:35', 1);
INSERT INTO `lends` VALUES (791, 1, 266, '2024-12-06 08:11:59', '2024-12-10 16:24:31', 1);
INSERT INTO `lends` VALUES (792, 2, 204, '2024-12-02 20:10:53', '2024-12-08 08:37:50', 0);
INSERT INTO `lends` VALUES (793, 2, 245, '2024-12-01 00:32:43', '2024-12-09 00:45:21', 1);
INSERT INTO `lends` VALUES (794, 2, 189, '2024-12-01 06:28:03', '2024-12-08 04:45:43', 1);
INSERT INTO `lends` VALUES (795, 1, 287, '2024-12-06 18:37:40', '2024-12-09 23:47:47', 0);
INSERT INTO `lends` VALUES (796, 2, 235, '2024-12-06 15:17:17', '2024-12-10 20:58:04', 1);
INSERT INTO `lends` VALUES (797, 2, 192, '2024-12-05 20:35:24', '2024-12-08 16:22:05', 0);
INSERT INTO `lends` VALUES (798, 2, 10, '2024-12-04 21:07:58', '2024-12-08 02:41:27', 0);
INSERT INTO `lends` VALUES (799, 1, 278, '2024-12-07 21:40:43', '2024-12-08 01:39:27', 1);
INSERT INTO `lends` VALUES (800, 1, 157, '2024-12-02 07:18:56', '2024-12-08 16:06:33', 0);
INSERT INTO `lends` VALUES (801, 1, 150, '2024-12-05 20:56:35', '2024-12-09 18:43:04', 0);
INSERT INTO `lends` VALUES (802, 2, 256, '2024-12-06 00:34:12', '2024-12-08 19:46:38', 0);
INSERT INTO `lends` VALUES (803, 2, 188, '2024-12-02 03:57:06', '2024-12-10 09:19:50', 0);
INSERT INTO `lends` VALUES (804, 1, 15, '2024-12-02 15:22:04', '2024-12-08 17:55:00', 1);
INSERT INTO `lends` VALUES (805, 1, 25, '2024-12-02 07:35:45', '2024-12-10 04:30:33', 1);
INSERT INTO `lends` VALUES (806, 2, 50, '2024-12-04 08:38:20', '2024-12-09 17:04:59', 1);
INSERT INTO `lends` VALUES (807, 1, 145, '2024-11-30 17:47:07', '2024-12-08 23:35:38', 1);
INSERT INTO `lends` VALUES (808, 2, 53, '2024-12-04 14:54:39', '2024-12-10 01:30:50', 1);
INSERT INTO `lends` VALUES (809, 2, 234, '2024-12-07 18:07:43', '2024-12-10 08:50:41', 1);
INSERT INTO `lends` VALUES (810, 2, 294, '2024-12-04 03:31:06', '2024-12-08 18:47:04', 0);
INSERT INTO `lends` VALUES (811, 1, 57, '2024-12-04 08:57:38', '2024-12-09 23:15:25', 1);
INSERT INTO `lends` VALUES (812, 1, 113, '2024-12-04 18:07:48', '2024-12-10 13:21:37', 1);
INSERT INTO `lends` VALUES (813, 1, 77, '2024-11-30 20:38:22', '2024-12-10 07:53:51', 0);
INSERT INTO `lends` VALUES (814, 1, 203, '2024-12-01 15:12:03', '2024-12-10 15:59:28', 1);
INSERT INTO `lends` VALUES (815, 2, 136, '2024-12-02 03:26:25', '2024-12-08 21:45:57', 0);
INSERT INTO `lends` VALUES (816, 1, 97, '2024-12-04 19:39:25', '2024-12-09 14:22:17', 1);
INSERT INTO `lends` VALUES (817, 2, 72, '2024-11-30 11:09:04', '2024-12-08 14:07:54', 1);
INSERT INTO `lends` VALUES (818, 1, 242, '2024-12-07 21:55:50', '2024-12-08 23:55:41', 1);
INSERT INTO `lends` VALUES (819, 2, 122, '2024-12-06 13:24:07', '2024-12-09 05:28:35', 1);
INSERT INTO `lends` VALUES (820, 2, 28, '2024-12-04 09:43:42', '2024-12-09 07:44:27', 1);
INSERT INTO `lends` VALUES (821, 1, 90, '2024-12-07 22:56:55', '2024-12-09 15:27:29', 0);
INSERT INTO `lends` VALUES (822, 1, 320, '2024-12-02 14:51:59', '2024-12-10 01:34:13', 0);
INSERT INTO `lends` VALUES (823, 1, 289, '2024-12-02 19:48:22', '2024-12-10 01:33:03', 0);
INSERT INTO `lends` VALUES (824, 1, 291, '2024-12-05 05:06:06', '2024-12-09 16:07:42', 1);
INSERT INTO `lends` VALUES (825, 1, 154, '2024-12-03 23:07:47', '2024-12-09 16:07:03', 1);
INSERT INTO `lends` VALUES (826, 2, 219, '2024-12-05 19:58:04', '2024-12-10 03:44:12', 1);
INSERT INTO `lends` VALUES (827, 2, 160, '2024-12-02 17:50:47', '2024-12-10 16:08:24', 0);
INSERT INTO `lends` VALUES (828, 2, 25, '2024-12-06 22:08:26', '2024-12-09 02:38:59', 1);
INSERT INTO `lends` VALUES (829, 2, 241, '2024-12-03 17:18:52', '2024-12-10 19:59:06', 1);
INSERT INTO `lends` VALUES (830, 1, 168, '2024-12-01 08:33:40', '2024-12-10 16:37:17', 1);
INSERT INTO `lends` VALUES (831, 1, 334, '2024-12-03 14:38:30', '2024-12-10 02:31:46', 1);
INSERT INTO `lends` VALUES (832, 1, 195, '2024-12-02 11:57:25', '2024-12-09 05:47:39', 1);
INSERT INTO `lends` VALUES (833, 2, 284, '2024-12-03 22:46:16', '2024-12-09 04:56:32', 0);
INSERT INTO `lends` VALUES (834, 2, 165, '2024-11-30 12:59:35', '2024-12-10 00:11:41', 1);
INSERT INTO `lends` VALUES (835, 1, 86, '2024-12-06 05:03:13', '2024-12-08 14:57:33', 1);
INSERT INTO `lends` VALUES (836, 2, 76, '2024-12-04 12:15:48', '2024-12-09 05:12:45', 0);
INSERT INTO `lends` VALUES (837, 1, 144, '2024-12-06 18:43:00', '2024-12-09 11:11:58', 0);
INSERT INTO `lends` VALUES (838, 2, 99, '2024-11-30 17:32:26', '2024-12-08 06:55:05', 0);
INSERT INTO `lends` VALUES (839, 1, 94, '2024-12-02 15:34:54', '2024-12-09 10:18:32', 1);
INSERT INTO `lends` VALUES (840, 2, 286, '2024-12-05 21:07:43', '2024-12-10 19:55:43', 1);
INSERT INTO `lends` VALUES (841, 1, 124, '2024-12-03 09:48:28', '2024-12-08 22:27:04', 0);
INSERT INTO `lends` VALUES (842, 2, 255, '2024-12-04 08:32:49', '2024-12-09 10:01:15', 1);
INSERT INTO `lends` VALUES (843, 1, 96, '2024-11-30 09:01:25', '2024-12-08 03:00:12', 0);
INSERT INTO `lends` VALUES (844, 2, 109, '2024-12-04 00:54:22', '2024-12-09 00:02:52', 1);
INSERT INTO `lends` VALUES (845, 1, 120, '2024-12-03 14:06:10', '2024-12-09 07:58:05', 0);
INSERT INTO `lends` VALUES (846, 2, 264, '2024-12-04 14:19:51', '2024-12-10 16:44:41', 1);
INSERT INTO `lends` VALUES (847, 1, 316, '2024-11-30 08:45:00', '2024-12-08 12:15:29', 0);
INSERT INTO `lends` VALUES (848, 2, 175, '2024-12-01 13:20:50', '2024-12-09 11:29:26', 0);
INSERT INTO `lends` VALUES (849, 1, 157, '2024-11-30 07:57:23', '2024-12-10 02:10:36', 1);
INSERT INTO `lends` VALUES (850, 2, 97, '2024-11-30 17:27:44', '2024-12-09 14:02:10', 0);
INSERT INTO `lends` VALUES (851, 2, 169, '2024-12-02 15:42:11', '2024-12-09 16:29:06', 0);
INSERT INTO `lends` VALUES (852, 2, 276, '2024-12-02 10:36:56', '2024-12-10 21:35:48', 0);
INSERT INTO `lends` VALUES (853, 2, 134, '2024-12-02 17:46:55', '2024-12-10 13:28:32', 1);
INSERT INTO `lends` VALUES (854, 1, 240, '2024-11-30 17:27:48', '2024-12-08 00:34:46', 0);
INSERT INTO `lends` VALUES (855, 2, 94, '2024-12-06 17:11:33', '2024-12-09 15:48:44', 1);
INSERT INTO `lends` VALUES (856, 2, 190, '2024-12-05 20:09:53', '2024-12-09 08:35:47', 1);
INSERT INTO `lends` VALUES (857, 1, 130, '2024-12-04 18:04:54', '2024-12-10 11:51:44', 1);
INSERT INTO `lends` VALUES (858, 2, 90, '2024-12-07 16:08:22', '2024-12-08 13:54:34', 0);
INSERT INTO `lends` VALUES (859, 2, 335, '2024-11-30 15:02:41', '2024-12-08 23:37:27', 1);
INSERT INTO `lends` VALUES (860, 1, 245, '2024-12-07 18:40:22', '2024-12-08 08:37:02', 1);
INSERT INTO `lends` VALUES (861, 2, 79, '2024-12-06 02:21:39', '2024-12-09 07:24:50', 0);
INSERT INTO `lends` VALUES (862, 2, 292, '2024-12-01 16:12:38', '2024-12-10 01:35:10', 1);
INSERT INTO `lends` VALUES (863, 1, 60, '2024-12-03 11:19:20', '2024-12-08 01:17:57', 1);
INSERT INTO `lends` VALUES (864, 1, 296, '2024-12-07 19:20:25', '2024-12-10 06:15:33', 0);
INSERT INTO `lends` VALUES (865, 2, 152, '2024-12-03 09:31:04', '2024-12-10 10:30:00', 1);
INSERT INTO `lends` VALUES (866, 1, 101, '2024-12-04 18:22:54', '2024-12-10 03:04:53', 1);
INSERT INTO `lends` VALUES (867, 2, 107, '2024-12-03 16:18:48', '2024-12-09 11:45:44', 1);
INSERT INTO `lends` VALUES (868, 1, 186, '2024-12-06 01:04:32', '2024-12-08 23:52:53', 1);
INSERT INTO `lends` VALUES (869, 1, 251, '2024-12-01 23:34:50', '2024-12-10 15:13:54', 1);
INSERT INTO `lends` VALUES (870, 1, 127, '2024-12-05 02:41:03', '2024-12-09 00:46:11', 1);
INSERT INTO `lends` VALUES (871, 1, 59, '2024-11-30 00:07:07', '2024-12-08 17:14:15', 1);
INSERT INTO `lends` VALUES (872, 1, 107, '2024-12-06 21:29:22', '2024-12-09 20:41:15', 1);
INSERT INTO `lends` VALUES (873, 2, 194, '2024-12-03 13:32:11', '2024-12-10 14:07:01', 1);
INSERT INTO `lends` VALUES (874, 2, 306, '2024-12-01 01:28:07', '2024-12-08 13:11:08', 0);
INSERT INTO `lends` VALUES (875, 2, 85, '2024-12-06 11:05:43', '2024-12-08 02:59:32', 0);
INSERT INTO `lends` VALUES (876, 2, 60, '2024-11-30 04:50:15', '2024-12-09 15:20:39', 0);
INSERT INTO `lends` VALUES (877, 1, 228, '2024-12-01 09:11:41', '2024-12-10 11:37:35', 1);
INSERT INTO `lends` VALUES (878, 1, 21, '2024-12-01 20:40:05', '2024-12-08 03:23:42', 0);
INSERT INTO `lends` VALUES (879, 2, 294, '2024-12-05 17:36:41', '2024-12-10 11:36:33', 1);
INSERT INTO `lends` VALUES (880, 1, 314, '2024-12-06 14:24:13', '2024-12-09 15:15:40', 0);
INSERT INTO `lends` VALUES (881, 2, 67, '2024-12-06 14:44:19', '2024-12-08 20:04:59', 1);
INSERT INTO `lends` VALUES (882, 1, 198, '2024-11-30 04:50:25', '2024-12-08 17:09:52', 1);
INSERT INTO `lends` VALUES (883, 2, 136, '2024-11-30 06:45:53', '2024-12-09 14:35:07', 0);
INSERT INTO `lends` VALUES (884, 2, 297, '2024-12-02 11:05:14', '2024-12-08 21:02:35', 0);
INSERT INTO `lends` VALUES (885, 2, 75, '2024-12-01 08:36:07', '2024-12-10 21:45:36', 0);
INSERT INTO `lends` VALUES (886, 2, 106, '2024-12-05 10:52:24', '2024-12-08 12:21:46', 0);
INSERT INTO `lends` VALUES (887, 2, 169, '2024-12-04 09:40:47', '2024-12-09 21:03:51', 1);
INSERT INTO `lends` VALUES (888, 1, 90, '2024-12-06 07:16:22', '2024-12-08 00:58:09', 0);
INSERT INTO `lends` VALUES (889, 1, 328, '2024-12-01 19:39:58', '2024-12-09 07:18:17', 1);
INSERT INTO `lends` VALUES (890, 1, 223, '2024-12-04 21:51:16', '2024-12-10 00:10:47', 0);
INSERT INTO `lends` VALUES (891, 2, 239, '2024-12-04 10:21:03', '2024-12-09 16:01:19', 1);
INSERT INTO `lends` VALUES (892, 1, 212, '2024-12-01 22:46:00', '2024-12-09 12:31:43', 1);
INSERT INTO `lends` VALUES (893, 2, 193, '2024-12-01 19:41:58', '2024-12-08 10:36:53', 1);
INSERT INTO `lends` VALUES (894, 1, 309, '2024-12-04 10:43:34', '2024-12-09 13:10:40', 1);
INSERT INTO `lends` VALUES (895, 1, 317, '2024-12-04 18:12:43', '2024-12-10 17:19:16', 1);
INSERT INTO `lends` VALUES (896, 1, 115, '2024-12-04 13:36:08', '2024-12-09 11:19:55', 0);
INSERT INTO `lends` VALUES (897, 1, 255, '2024-11-30 09:07:27', '2024-12-09 02:41:55', 0);
INSERT INTO `lends` VALUES (898, 1, 122, '2024-12-04 00:10:03', '2024-12-08 08:19:27', 1);
INSERT INTO `lends` VALUES (899, 2, 2, '2024-12-01 05:09:07', '2024-12-08 19:21:12', 0);
INSERT INTO `lends` VALUES (900, 2, 125, '2024-12-02 12:23:15', '2024-12-10 03:09:20', 0);
INSERT INTO `lends` VALUES (901, 1, 311, '2024-12-01 20:09:06', '2024-12-08 21:07:54', 1);
INSERT INTO `lends` VALUES (902, 1, 283, '2024-12-06 19:38:47', '2024-12-09 04:51:52', 1);
INSERT INTO `lends` VALUES (903, 1, 277, '2024-12-02 08:43:04', '2024-12-08 10:44:57', 0);
INSERT INTO `lends` VALUES (904, 1, 249, '2024-12-02 05:53:42', '2024-12-10 01:44:10', 0);
INSERT INTO `lends` VALUES (905, 2, 5, '2024-12-07 17:56:46', '2024-12-09 10:22:21', 1);
INSERT INTO `lends` VALUES (906, 2, 284, '2024-12-01 12:22:49', '2024-12-09 02:03:33', 0);
INSERT INTO `lends` VALUES (907, 1, 67, '2024-12-07 08:39:22', '2024-12-10 12:46:29', 0);
INSERT INTO `lends` VALUES (908, 2, 268, '2024-12-01 18:43:41', '2024-12-09 15:27:45', 1);
INSERT INTO `lends` VALUES (909, 1, 227, '2024-12-05 20:29:06', '2024-12-09 10:23:26', 1);
INSERT INTO `lends` VALUES (910, 1, 152, '2024-12-04 22:33:15', '2024-12-08 05:17:03', 1);
INSERT INTO `lends` VALUES (911, 2, 146, '2024-12-06 12:50:44', '2024-12-08 15:05:01', 1);
INSERT INTO `lends` VALUES (912, 2, 244, '2024-12-01 08:05:22', '2024-12-08 05:46:26', 1);
INSERT INTO `lends` VALUES (913, 1, 247, '2024-12-02 20:03:18', '2024-12-10 07:33:09', 1);
INSERT INTO `lends` VALUES (914, 2, 319, '2024-12-02 13:05:15', '2024-12-09 06:07:41', 0);
INSERT INTO `lends` VALUES (915, 2, 16, '2024-12-05 00:44:16', '2024-12-08 15:24:28', 1);
INSERT INTO `lends` VALUES (916, 2, 175, '2024-11-30 19:12:56', '2024-12-10 12:58:09', 0);
INSERT INTO `lends` VALUES (917, 2, 237, '2024-12-02 19:08:49', '2024-12-08 03:55:50', 1);
INSERT INTO `lends` VALUES (918, 1, 63, '2024-12-06 07:00:58', '2024-12-09 13:43:07', 1);
INSERT INTO `lends` VALUES (919, 1, 195, '2024-12-01 05:41:40', '2024-12-08 20:26:43', 1);
INSERT INTO `lends` VALUES (920, 1, 125, '2024-12-05 21:36:20', '2024-12-10 20:10:43', 0);
INSERT INTO `lends` VALUES (921, 1, 301, '2024-12-05 21:22:04', '2024-12-09 23:17:09', 1);
INSERT INTO `lends` VALUES (922, 1, 323, '2024-12-07 03:50:39', '2024-12-10 21:07:22', 0);
INSERT INTO `lends` VALUES (923, 1, 231, '2024-12-07 19:51:49', '2024-12-08 21:40:47', 0);
INSERT INTO `lends` VALUES (924, 2, 120, '2024-12-07 14:27:42', '2024-12-10 06:06:27', 0);
INSERT INTO `lends` VALUES (925, 2, 257, '2024-12-05 09:10:55', '2024-12-08 08:17:49', 0);
INSERT INTO `lends` VALUES (926, 1, 5, '2024-11-30 12:15:09', '2024-12-08 22:55:10', 0);
INSERT INTO `lends` VALUES (927, 1, 212, '2024-11-30 08:07:52', '2024-12-08 15:25:48', 0);
INSERT INTO `lends` VALUES (928, 2, 163, '2024-12-05 22:13:04', '2024-12-10 02:05:30', 1);
INSERT INTO `lends` VALUES (929, 1, 162, '2024-11-30 07:10:04', '2024-12-09 17:46:05', 0);
INSERT INTO `lends` VALUES (930, 1, 149, '2024-12-03 02:39:51', '2024-12-10 20:04:46', 0);
INSERT INTO `lends` VALUES (931, 2, 102, '2024-12-07 06:27:11', '2024-12-10 19:43:14', 1);
INSERT INTO `lends` VALUES (932, 1, 112, '2024-12-01 10:30:04', '2024-12-09 08:48:26', 1);
INSERT INTO `lends` VALUES (933, 1, 66, '2024-12-03 15:16:57', '2024-12-10 16:22:08', 1);
INSERT INTO `lends` VALUES (934, 2, 210, '2024-12-01 05:27:17', '2024-12-10 21:06:42', 0);
INSERT INTO `lends` VALUES (935, 2, 125, '2024-12-01 13:46:21', '2024-12-08 18:32:42', 1);
INSERT INTO `lends` VALUES (936, 2, 273, '2024-12-05 22:23:32', '2024-12-09 20:18:57', 1);
INSERT INTO `lends` VALUES (937, 1, 220, '2024-12-06 04:28:30', '2024-12-09 12:07:30', 1);
INSERT INTO `lends` VALUES (938, 2, 114, '2024-12-01 04:53:49', '2024-12-10 16:49:55', 1);
INSERT INTO `lends` VALUES (939, 1, 321, '2024-12-06 17:46:50', '2024-12-08 22:08:18', 1);
INSERT INTO `lends` VALUES (940, 2, 168, '2024-12-02 00:12:38', '2024-12-09 00:51:41', 1);
INSERT INTO `lends` VALUES (941, 2, 254, '2024-12-07 12:31:49', '2024-12-10 16:55:24', 0);
INSERT INTO `lends` VALUES (942, 1, 321, '2024-12-04 21:18:32', '2024-12-09 07:33:09', 0);
INSERT INTO `lends` VALUES (943, 2, 12, '2024-12-01 11:57:21', '2024-12-08 02:53:52', 1);
INSERT INTO `lends` VALUES (944, 1, 129, '2024-12-03 08:30:55', '2024-12-08 02:01:15', 1);
INSERT INTO `lends` VALUES (945, 1, 81, '2024-12-05 01:26:57', '2024-12-10 07:09:59', 0);
INSERT INTO `lends` VALUES (946, 1, 207, '2024-12-05 06:56:10', '2024-12-09 18:39:44', 1);
INSERT INTO `lends` VALUES (947, 2, 245, '2024-12-01 05:10:26', '2024-12-08 15:19:39', 0);
INSERT INTO `lends` VALUES (948, 1, 290, '2024-12-02 12:20:28', '2024-12-10 07:01:21', 0);
INSERT INTO `lends` VALUES (949, 2, 245, '2024-12-03 03:46:01', '2024-12-09 17:46:43', 1);
INSERT INTO `lends` VALUES (950, 2, 105, '2024-12-04 20:15:50', '2024-12-10 08:25:58', 0);
INSERT INTO `lends` VALUES (951, 1, 248, '2024-12-07 23:27:40', '2024-12-09 09:33:14', 0);
INSERT INTO `lends` VALUES (952, 2, 242, '2024-12-01 10:28:30', '2024-12-10 15:03:10', 1);
INSERT INTO `lends` VALUES (953, 1, 102, '2024-12-07 02:53:19', '2024-12-09 05:26:02', 0);
INSERT INTO `lends` VALUES (954, 2, 175, '2024-12-05 11:25:37', '2024-12-10 10:22:25', 0);
INSERT INTO `lends` VALUES (955, 2, 2, '2024-12-07 04:05:04', '2024-12-08 02:58:20', 0);
INSERT INTO `lends` VALUES (956, 2, 74, '2024-12-04 08:22:01', '2024-12-09 18:07:12', 1);
INSERT INTO `lends` VALUES (957, 2, 311, '2024-12-04 04:03:07', '2024-12-10 22:36:51', 1);
INSERT INTO `lends` VALUES (958, 2, 202, '2024-11-30 19:29:36', '2024-12-08 14:06:49', 1);
INSERT INTO `lends` VALUES (959, 1, 81, '2024-12-01 02:42:37', '2024-12-09 06:56:56', 1);
INSERT INTO `lends` VALUES (960, 2, 40, '2024-12-05 16:52:07', '2024-12-09 07:33:13', 0);
INSERT INTO `lends` VALUES (961, 2, 81, '2024-12-04 07:09:01', '2024-12-10 01:02:02', 1);
INSERT INTO `lends` VALUES (962, 2, 150, '2024-12-01 07:32:17', '2024-12-09 00:51:19', 0);
INSERT INTO `lends` VALUES (963, 1, 184, '2024-12-04 15:09:30', '2024-12-10 19:44:40', 0);
INSERT INTO `lends` VALUES (964, 2, 147, '2024-12-05 11:57:51', '2024-12-09 04:03:57', 1);
INSERT INTO `lends` VALUES (965, 1, 89, '2024-12-01 04:24:05', '2024-12-09 19:38:19', 0);
INSERT INTO `lends` VALUES (966, 1, 17, '2024-12-02 09:30:22', '2024-12-09 02:04:14', 0);
INSERT INTO `lends` VALUES (967, 2, 137, '2024-12-01 21:06:46', '2024-12-08 04:56:53', 1);
INSERT INTO `lends` VALUES (968, 1, 11, '2024-12-06 03:01:47', '2024-12-09 02:08:07', 1);
INSERT INTO `lends` VALUES (969, 1, 278, '2024-12-01 21:34:09', '2024-12-08 22:26:40', 1);
INSERT INTO `lends` VALUES (970, 2, 277, '2024-12-05 16:17:50', '2024-12-08 02:11:05', 0);
INSERT INTO `lends` VALUES (971, 2, 236, '2024-12-04 07:25:37', '2024-12-09 07:20:27', 1);
INSERT INTO `lends` VALUES (972, 2, 117, '2024-12-05 18:57:38', '2024-12-08 01:42:22', 0);
INSERT INTO `lends` VALUES (973, 2, 35, '2024-12-05 14:33:07', '2024-12-08 02:27:11', 0);
INSERT INTO `lends` VALUES (974, 1, 303, '2024-12-05 08:46:50', '2024-12-10 20:23:45', 0);
INSERT INTO `lends` VALUES (975, 2, 186, '2024-12-01 16:34:42', '2024-12-10 22:16:45', 0);
INSERT INTO `lends` VALUES (976, 2, 303, '2024-12-04 10:11:51', '2024-12-08 10:19:28', 0);
INSERT INTO `lends` VALUES (977, 1, 321, '2024-12-07 02:54:15', '2024-12-09 22:12:39', 1);
INSERT INTO `lends` VALUES (978, 1, 252, '2024-12-04 01:20:56', '2024-12-08 22:54:32', 0);
INSERT INTO `lends` VALUES (979, 1, 304, '2024-12-03 15:45:00', '2024-12-08 07:58:16', 1);
INSERT INTO `lends` VALUES (980, 2, 240, '2024-12-07 17:49:10', '2024-12-09 06:30:46', 0);
INSERT INTO `lends` VALUES (981, 2, 270, '2024-12-05 18:01:35', '2024-12-09 01:24:12', 0);
INSERT INTO `lends` VALUES (982, 1, 110, '2024-12-02 13:14:49', '2024-12-09 07:10:20', 0);
INSERT INTO `lends` VALUES (983, 1, 297, '2024-12-05 21:55:10', '2024-12-08 18:29:43', 0);
INSERT INTO `lends` VALUES (984, 1, 114, '2024-12-04 05:11:30', '2024-12-09 18:58:16', 0);
INSERT INTO `lends` VALUES (985, 2, 206, '2024-12-06 14:52:25', '2024-12-08 02:32:20', 1);
INSERT INTO `lends` VALUES (986, 2, 10, '2024-12-07 17:37:54', '2024-12-09 03:30:59', 1);
INSERT INTO `lends` VALUES (987, 1, 251, '2024-12-03 13:34:08', '2024-12-10 21:22:24', 1);
INSERT INTO `lends` VALUES (988, 1, 21, '2024-12-07 07:11:54', '2024-12-10 11:06:04', 1);
INSERT INTO `lends` VALUES (989, 1, 149, '2024-12-06 23:32:22', '2024-12-10 21:10:29', 0);
INSERT INTO `lends` VALUES (990, 2, 86, '2024-12-04 18:27:03', '2024-12-09 05:55:24', 1);
INSERT INTO `lends` VALUES (991, 2, 98, '2024-11-30 20:21:29', '2024-12-09 12:11:25', 0);
INSERT INTO `lends` VALUES (992, 2, 319, '2024-12-07 14:29:01', '2024-12-09 23:31:26', 0);
INSERT INTO `lends` VALUES (993, 1, 114, '2024-12-01 06:07:00', '2024-12-08 00:09:51', 0);
INSERT INTO `lends` VALUES (994, 2, 213, '2024-11-30 05:19:53', '2024-12-09 12:37:02', 1);
INSERT INTO `lends` VALUES (995, 1, 316, '2024-12-01 05:31:55', '2024-12-09 11:49:43', 0);
INSERT INTO `lends` VALUES (996, 2, 129, '2024-11-30 20:57:40', '2024-12-09 09:00:00', 1);
INSERT INTO `lends` VALUES (997, 1, 255, '2024-12-07 07:21:01', '2024-12-09 13:31:38', 1);
INSERT INTO `lends` VALUES (998, 1, 142, '2024-12-06 10:30:30', '2024-12-10 17:28:21', 0);
INSERT INTO `lends` VALUES (999, 1, 303, '2024-12-06 10:26:41', '2024-12-10 12:47:03', 1);
INSERT INTO `lends` VALUES (1000, 2, 107, '2024-12-03 01:52:54', '2024-12-09 23:28:43', 1);

-- ----------------------------
-- Table structure for user
-- ----------------------------
DROP TABLE IF EXISTS `user`;
CREATE TABLE `user`  (
  `id` bigint NOT NULL AUTO_INCREMENT,
  `email` varchar(255) CHARACTER SET utf8mb4 COLLATE utf8mb4_0900_ai_ci NULL DEFAULT NULL,
  `username` varchar(255) CHARACTER SET utf8mb4 COLLATE utf8mb4_0900_ai_ci NOT NULL,
  `password` varchar(255) CHARACTER SET utf8mb4 COLLATE utf8mb4_0900_ai_ci NULL DEFAULT NULL,
  `nickname` varchar(255) CHARACTER SET utf8mb4 COLLATE utf8mb4_0900_ai_ci NULL DEFAULT NULL,
  `phone` varchar(255) CHARACTER SET utf8mb4 COLLATE utf8mb4_0900_ai_ci NULL DEFAULT NULL,
  `sex` varchar(255) CHARACTER SET utf8mb4 COLLATE utf8mb4_0900_ai_ci NULL DEFAULT NULL,
  `address` varchar(255) CHARACTER SET utf8mb4 COLLATE utf8mb4_0900_ai_ci NULL DEFAULT NULL,
  `role` int NOT NULL,
  `avatar` varchar(511) CHARACTER SET utf8mb4 COLLATE utf8mb4_0900_ai_ci NULL DEFAULT NULL,
  PRIMARY KEY (`id`) USING BTREE,
  UNIQUE INDEX `username`(`username` ASC) USING BTREE
) ENGINE = InnoDB AUTO_INCREMENT = 2 CHARACTER SET = utf8mb4 COLLATE = utf8mb4_0900_ai_ci ROW_FORMAT = Dynamic;

-- ----------------------------
-- Records of user
-- ----------------------------
INSERT INTO `user` VALUES (1, NULL, 'admin1', '$2a$10$BVJfRM36RF9Qv.B0nhTg/OH3fvzJlZ4P8AUZBmsLK2p6PQfWrrPG6', 'admin1', '123456789', '男', '川大路2段', 1, 'https://gitee.com/meloooooooo/PicgoRepo/raw/master/uploadimg/2024-12/1733298496064_11bda6fb-fed0-4307-bf18-eabb33e3dbac.png');
INSERT INTO `user` VALUES (2, NULL, '123456', '$2a$10$CSTaf6nskOUILWs9smXMqOcuBS6f5WtrJkbWItJ41gmYE09GiEtJG', '123456', '', '', '', 0, NULL);

SET FOREIGN_KEY_CHECKS = 1;
